LocationID,Easting,Northing
ARPO_InvPla_1,652474.855,3766370.810
ARPO_InvPla_10,653292.594,3766353.466
ARPO_InvPla_100,652456.138,3765394.678
ARPO_InvPla_101,652752.878,3765378.477
ARPO_InvPla_102,652272.748,3765310.482
ARPO_InvPla_103,652383.973,3765299.494
ARPO_InvPla_104,652413.228,3765209.075
ARPO_InvPla_105,652537.514,3765112.236
ARPO_InvPla_106,652962.462,3764933.620
ARPO_InvPla_107,652844.919,3764812.703
ARPO_InvPla_108,652913.797,3764846.973
ARPO_InvPla_109,653001.638,3764847.689
ARPO_InvPla_11,652388.580,3766243.723
ARPO_InvPla_110,653086.569,3764774.547
ARPO_InvPla_111,652916.321,3764762.455
ARPO_InvPla_112,653002.324,3764758.415
ARPO_InvPla_113,652995.553,3764674.368
ARPO_InvPla_114,653091.435,3764669.277
ARPO_InvPla_115,653068.153,3764593.059
ARPO_InvPla_116,660590.156,3761972.715
ARPO_InvPla_117,660690.287,3761998.181
ARPO_InvPla_118,660760.280,3761967.043
ARPO_InvPla_119,660430.197,3761875.736
ARPO_InvPla_12,652462.504,3766287.905
ARPO_InvPla_120,660511.807,3761893.159
ARPO_InvPla_121,660598.568,3761884.853
ARPO_InvPla_122,660694.522,3761895.368
ARPO_InvPla_123,660787.851,3761887.217
ARPO_InvPla_124,660324.515,3761799.922
ARPO_InvPla_125,660421.271,3761803.797
ARPO_InvPla_126,660503.397,3761815.998
ARPO_InvPla_127,660330.048,3761718.196
ARPO_InvPla_128,660416.246,3761721.209
ARPO_InvPla_129,660882.431,3761729.342
ARPO_InvPla_13,652552.473,3766287.905
ARPO_InvPla_130,660937.318,3761702.849
ARPO_InvPla_131,660383.809,3761624.451
ARPO_InvPla_132,660517.205,3761610.615
ARPO_InvPla_133,660607.059,3761613.180
ARPO_InvPla_134,660693.261,3761624.583
ARPO_InvPla_135,660778.547,3761615.179
ARPO_InvPla_136,660871.769,3761623.172
ARPO_InvPla_137,660956.711,3761622.243
ARPO_InvPla_138,660414.373,3761531.258
ARPO_InvPla_139,660511.236,3761533.901
ARPO_InvPla_14,652642.444,3766287.905
ARPO_InvPla_140,660601.201,3761533.901
ARPO_InvPla_141,660691.165,3761533.901
ARPO_InvPla_142,660781.131,3761533.901
ARPO_InvPla_143,660871.096,3761533.901
ARPO_InvPla_144,660958.771,3761533.817
ARPO_InvPla_145,660186.736,3761431.899
ARPO_InvPla_146,660421.367,3761448.749
ARPO_InvPla_147,660511.236,3761443.937
ARPO_InvPla_148,660601.201,3761443.937
ARPO_InvPla_149,660691.165,3761443.937
ARPO_InvPla_15,652732.414,3766287.905
ARPO_InvPla_150,660781.131,3761443.937
ARPO_InvPla_151,660871.096,3761443.937
ARPO_InvPla_152,660959.252,3761443.853
ARPO_InvPla_153,660050.477,3761340.360
ARPO_InvPla_154,660153.385,3761353.046
ARPO_InvPla_155,660258.496,3761358.211
ARPO_InvPla_156,660419.261,3761350.512
ARPO_InvPla_157,660517.703,3761366.345
ARPO_InvPla_158,660668.866,3761353.800
ARPO_InvPla_159,660781.131,3761353.972
ARPO_InvPla_16,652822.383,3766287.905
ARPO_InvPla_160,660871.096,3761353.972
ARPO_InvPla_161,660959.733,3761353.890
ARPO_InvPla_162,660062.522,3761267.180
ARPO_InvPla_163,660152.458,3761264.006
ARPO_InvPla_164,660358.774,3761279.074
ARPO_InvPla_165,660668.444,3761274.082
ARPO_InvPla_166,660781.067,3761274.452
ARPO_InvPla_167,660871.032,3761274.746
ARPO_InvPla_168,660960.091,3761274.991
ARPO_InvPla_169,660123.016,3761194.645
ARPO_InvPla_17,652912.354,3766287.905
ARPO_InvPla_18,653002.324,3766287.905
ARPO_InvPla_19,653092.294,3766287.905
ARPO_InvPla_2,652552.419,3766377.620
ARPO_InvPla_20,653182.264,3766278.265
ARPO_InvPla_21,653276.976,3766278.773
ARPO_InvPla_22,652462.729,3766176.638
ARPO_InvPla_23,652552.473,3766197.935
ARPO_InvPla_24,652642.444,3766197.935
ARPO_InvPla_25,652732.414,3766197.935
ARPO_InvPla_26,652822.383,3766197.935
ARPO_InvPla_27,652912.354,3766197.935
ARPO_InvPla_28,653002.324,3766197.935
ARPO_InvPla_29,653092.294,3766197.935
ARPO_InvPla_3,652642.424,3766377.392
ARPO_InvPla_30,653182.264,3766197.935
ARPO_InvPla_31,653271.883,3766175.665
ARPO_InvPla_32,652553.116,3766107.940
ARPO_InvPla_33,652642.444,3766107.965
ARPO_InvPla_34,652732.414,3766107.965
ARPO_InvPla_35,652818.456,3766109.847
ARPO_InvPla_36,652957.911,3766122.365
ARPO_InvPla_37,653101.464,3766084.787
ARPO_InvPla_38,653177.996,3766099.709
ARPO_InvPla_39,652273.562,3766032.117
ARPO_InvPla_4,652732.394,3766377.276
ARPO_InvPla_40,652372.254,3766027.277
ARPO_InvPla_41,652462.927,3766037.405
ARPO_InvPla_42,652552.473,3766017.995
ARPO_InvPla_43,652642.444,3766017.995
ARPO_InvPla_44,652732.414,3766017.995
ARPO_InvPla_45,652807.048,3766017.507
ARPO_InvPla_46,652285.407,3765924.819
ARPO_InvPla_47,652372.534,3765928.025
ARPO_InvPla_48,652462.504,3765928.025
ARPO_InvPla_49,652552.473,3765928.025
ARPO_InvPla_5,652822.364,3766377.159
ARPO_InvPla_50,652642.444,3765928.025
ARPO_InvPla_51,652732.414,3765928.025
ARPO_InvPla_52,652833.624,3765934.389
ARPO_InvPla_53,652199.397,3765826.944
ARPO_InvPla_54,652282.563,3765838.055
ARPO_InvPla_55,652372.534,3765838.055
ARPO_InvPla_56,652462.504,3765838.055
ARPO_InvPla_57,652552.473,3765838.055
ARPO_InvPla_58,652642.444,3765838.055
ARPO_InvPla_59,652732.414,3765838.055
ARPO_InvPla_6,652912.334,3766377.043
ARPO_InvPla_60,652822.383,3765838.055
ARPO_InvPla_61,652935.297,3765864.738
ARPO_InvPla_62,652116.257,3765737.448
ARPO_InvPla_63,652192.594,3765748.085
ARPO_InvPla_64,652282.563,3765748.085
ARPO_InvPla_65,652372.534,3765748.085
ARPO_InvPla_66,652462.504,3765748.085
ARPO_InvPla_67,652552.473,3765748.085
ARPO_InvPla_68,652642.444,3765748.085
ARPO_InvPla_69,652732.414,3765748.085
ARPO_InvPla_7,653000.693,3766374.475
ARPO_InvPla_70,652822.383,3765748.085
ARPO_InvPla_71,652891.777,3765743.807
ARPO_InvPla_72,652030.350,3765603.778
ARPO_InvPla_73,652102.624,3765658.115
ARPO_InvPla_74,652192.594,3765658.115
ARPO_InvPla_75,652282.563,3765658.115
ARPO_InvPla_76,652372.534,3765658.115
ARPO_InvPla_77,652462.504,3765658.115
ARPO_InvPla_78,652552.473,3765658.115
ARPO_InvPla_79,652642.444,3765658.115
ARPO_InvPla_8,653090.062,3766363.689
ARPO_InvPla_80,652732.414,3765658.115
ARPO_InvPla_81,652821.041,3765659.213
ARPO_InvPla_82,652101.023,3765542.904
ARPO_InvPla_83,652190.470,3765558.493
ARPO_InvPla_84,652277.895,3765574.349
ARPO_InvPla_85,652373.322,3765568.273
ARPO_InvPla_86,652462.504,3765568.145
ARPO_InvPla_87,652552.473,3765568.145
ARPO_InvPla_88,652642.444,3765568.145
ARPO_InvPla_89,652732.414,3765568.145
ARPO_InvPla_9,653182.012,3766349.892
ARPO_InvPla_90,652806.822,3765531.479
ARPO_InvPla_91,652289.372,3765477.797
ARPO_InvPla_92,652372.534,3765478.175
ARPO_InvPla_93,652462.504,3765478.175
ARPO_InvPla_94,652550.883,3765469.485
ARPO_InvPla_95,652638.934,3765476.036
ARPO_InvPla_96,652732.514,3765478.275
ARPO_InvPla_97,652180.903,3765406.770
ARPO_InvPla_98,652282.563,3765388.205
ARPO_InvPla_99,652372.534,3765388.205
CUVA_InvPla_1,446756.328,4582436.489
CUVA_InvPla_10,447591.135,4581527.747
CUVA_InvPla_100,449802.914,4576477.981
CUVA_InvPla_101,450044.140,4576657.548
CUVA_InvPla_102,450357.888,4576973.434
CUVA_InvPla_103,450611.484,4577224.929
CUVA_InvPla_104,450894.442,4577502.881
CUVA_InvPla_105,451180.806,4577959.081
CUVA_InvPla_106,451460.252,4578077.529
CUVA_InvPla_107,452627.903,4579197.657
CUVA_InvPla_108,453445.332,4580069.101
CUVA_InvPla_109,453725.196,4580340.924
CUVA_InvPla_11,447751.488,4581764.077
CUVA_InvPla_110,454006.149,4580624.054
CUVA_InvPla_111,454201.938,4580866.305
CUVA_InvPla_112,455079.882,4581699.537
CUVA_InvPla_113,447874.536,4573836.868
CUVA_InvPla_114,448063.896,4574156.632
CUVA_InvPla_115,448341.251,4574419.901
CUVA_InvPla_116,448639.805,4574665.440
CUVA_InvPla_117,448907.426,4574889.292
CUVA_InvPla_118,450330.962,4576458.246
CUVA_InvPla_119,450612.038,4576664.254
CUVA_InvPla_12,447934.348,4581968.646
CUVA_InvPla_120,450863.890,4576936.370
CUVA_InvPla_121,451177.341,4577227.037
CUVA_InvPla_122,451746.563,4577948.934
CUVA_InvPla_123,452026.306,4578088.436
CUVA_InvPla_124,452310.316,4578356.442
CUVA_InvPla_125,452610.152,4578635.701
CUVA_InvPla_126,453723.179,4579917.196
CUVA_InvPla_127,453966.148,4580082.211
CUVA_InvPla_128,454234.650,4580374.497
CUVA_InvPla_129,455303.522,4581240.783
CUVA_InvPla_13,447225.611,4580633.365
CUVA_InvPla_130,455275.965,4581425.072
CUVA_InvPla_131,447585.371,4573027.653
CUVA_InvPla_132,447838.957,4573205.937
CUVA_InvPla_133,448050.832,4573568.408
CUVA_InvPla_134,448326.430,4573758.885
CUVA_InvPla_135,448641.723,4574137.558
CUVA_InvPla_136,448914.980,4574401.514
CUVA_InvPla_137,449156.400,4574628.802
CUVA_InvPla_138,450661.219,4576083.040
CUVA_InvPla_139,450894.330,4576383.777
CUVA_InvPla_14,447479.754,4580907.828
CUVA_InvPla_140,451158.464,4576671.101
CUVA_InvPla_141,451438.603,4576947.075
CUVA_InvPla_142,452311.857,4577940.449
CUVA_InvPla_143,452559.932,4578087.229
CUVA_InvPla_144,447618.837,4572410.281
CUVA_InvPla_145,448360.226,4573308.905
CUVA_InvPla_146,448658.143,4573554.846
CUVA_InvPla_147,448914.980,4573835.829
CUVA_InvPla_148,449197.823,4574118.671
CUVA_InvPla_149,449454.159,4574369.781
CUVA_InvPla_15,447755.219,4581256.190
CUVA_InvPla_150,450380.497,4575259.801
CUVA_InvPla_151,450612.036,4575532.885
CUVA_InvPla_152,450872.169,4575790.575
CUVA_InvPla_153,451248.362,4576207.899
CUVA_InvPla_154,451426.826,4576333.873
CUVA_InvPla_155,447802.072,4572320.826
CUVA_InvPla_156,448064.437,4572393.482
CUVA_InvPla_157,448920.339,4573272.069
CUVA_InvPla_158,449197.823,4573552.986
CUVA_InvPla_159,449480.665,4573835.829
CUVA_InvPla_16,448047.972,4581443.733
CUVA_InvPla_160,449762.039,4574113.528
CUVA_InvPla_161,450066.647,4574440.477
CUVA_InvPla_162,450327.462,4574522.364
CUVA_InvPla_163,450613.886,4574975.551
CUVA_InvPla_164,450883.889,4575247.957
CUVA_InvPla_165,451159.098,4575588.409
CUVA_InvPla_166,451361.088,4575742.577
CUVA_InvPla_167,445946.973,4569622.585
CUVA_InvPla_168,448411.369,4572248.006
CUVA_InvPla_169,448632.457,4572412.779
CUVA_InvPla_17,448214.278,4581657.323
CUVA_InvPla_170,448935.342,4572703.991
CUVA_InvPla_171,449197.823,4572987.300
CUVA_InvPla_172,449469.872,4573294.491
CUVA_InvPla_173,449763.508,4573552.986
CUVA_InvPla_174,450046.351,4573835.829
CUVA_InvPla_175,450328.781,4574096.134
CUVA_InvPla_176,450606.572,4574384.394
CUVA_InvPla_177,450905.939,4574692.250
CUVA_InvPla_178,451170.205,4574959.464
CUVA_InvPla_179,446133.308,4569396.847
CUVA_InvPla_18,447513.399,4580347.111
CUVA_InvPla_180,446317.483,4569526.313
CUVA_InvPla_181,448794.396,4571851.903
CUVA_InvPla_182,448890.651,4572130.382
CUVA_InvPla_183,449202.455,4572446.662
CUVA_InvPla_184,449480.665,4572704.458
CUVA_InvPla_185,449763.508,4572987.300
CUVA_InvPla_186,450037.718,4573269.470
CUVA_InvPla_187,450314.164,4573580.381
CUVA_InvPla_188,450591.447,4573858.144
CUVA_InvPla_189,450899.659,4574105.433
CUVA_InvPla_19,447695.688,4580541.163
CUVA_InvPla_190,451179.598,4574457.847
CUVA_InvPla_191,451386.661,4574704.962
CUVA_InvPla_192,451565.452,4574929.117
CUVA_InvPla_193,446384.037,4569055.938
CUVA_InvPla_194,446490.761,4569275.849
CUVA_InvPla_195,448942.775,4571648.030
CUVA_InvPla_196,449153.211,4571868.836
CUVA_InvPla_197,449479.435,4572152.315
CUVA_InvPla_198,449761.697,4572422.812
CUVA_InvPla_199,450046.351,4572704.458
CUVA_InvPla_2,446926.503,4582532.970
CUVA_InvPla_20,448191.794,4581011.591
CUVA_InvPla_200,450329.193,4572987.300
CUVA_InvPla_201,450619.874,4573260.804
CUVA_InvPla_202,450907.146,4573542.209
CUVA_InvPla_203,451164.949,4573830.891
CUVA_InvPla_204,446588.030,4568750.479
CUVA_InvPla_205,449459.698,4571573.852
CUVA_InvPla_206,449846.986,4571887.664
CUVA_InvPla_207,450085.910,4572120.386
CUVA_InvPla_208,450329.193,4572421.615
CUVA_InvPla_209,450612.036,4572704.458
CUVA_InvPla_21,448347.561,4581166.482
CUVA_InvPla_210,450883.607,4572975.698
CUVA_InvPla_211,451167.280,4573275.916
CUVA_InvPla_212,451438.430,4573552.211
CUVA_InvPla_213,446615.398,4568153.698
CUVA_InvPla_214,450047.497,4571618.687
CUVA_InvPla_215,450329.193,4571855.930
CUVA_InvPla_216,450612.036,4572138.772
CUVA_InvPla_217,450894.879,4572421.615
CUVA_InvPla_218,451082.592,4572693.024
CUVA_InvPla_219,451502.441,4572999.764
CUVA_InvPla_22,448524.255,4581343.256
CUVA_InvPla_220,451691.065,4573237.695
CUVA_InvPla_221,446729.857,4567686.168
CUVA_InvPla_222,446914.723,4567922.802
CUVA_InvPla_223,447154.709,4568033.792
CUVA_InvPla_224,450423.903,4571334.786
CUVA_InvPla_225,450612.036,4571573.087
CUVA_InvPla_226,450894.879,4571855.930
CUVA_InvPla_227,451160.061,4572131.095
CUVA_InvPla_228,451546.717,4572424.552
CUVA_InvPla_229,451737.618,4572709.290
CUVA_InvPla_23,448424.882,4580623.291
CUVA_InvPla_230,452022.035,4572972.165
CUVA_InvPla_231,446949.109,4567323.076
CUVA_InvPla_232,447267.529,4567610.231
CUVA_InvPla_233,447500.758,4567881.756
CUVA_InvPla_234,447767.434,4568007.787
CUVA_InvPla_235,450629.071,4571009.441
CUVA_InvPla_236,450894.879,4571290.244
CUVA_InvPla_237,451177.722,4571573.087
CUVA_InvPla_238,451451.912,4571846.491
CUVA_InvPla_239,451756.631,4572139.962
CUVA_InvPla_24,448632.137,4580906.896
CUVA_InvPla_240,452026.250,4572421.615
CUVA_InvPla_241,452307.814,4572699.517
CUVA_InvPla_242,447275.372,4567082.575
CUVA_InvPla_243,447500.766,4567330.446
CUVA_InvPla_244,447783.609,4567613.289
CUVA_InvPla_245,448065.975,4567866.778
CUVA_InvPla_246,450133.705,4569916.337
CUVA_InvPla_247,450316.619,4570136.950
CUVA_InvPla_248,450606.833,4570450.776
CUVA_InvPla_249,450894.879,4570724.559
CUVA_InvPla_25,448833.779,4581124.592
CUVA_InvPla_250,451177.722,4571007.401
CUVA_InvPla_251,451460.564,4571290.244
CUVA_InvPla_252,451743.407,4571573.087
CUVA_InvPla_253,452026.250,4571855.930
CUVA_InvPla_254,452309.092,4572138.772
CUVA_InvPla_255,452591.935,4572421.615
CUVA_InvPla_256,452815.690,4572644.167
CUVA_InvPla_257,447354.189,4566484.140
CUVA_InvPla_258,447514.573,4566783.745
CUVA_InvPla_259,447783.016,4567047.170
CUVA_InvPla_26,448070.932,4579798.101
CUVA_InvPla_260,448034.596,4567417.847
CUVA_InvPla_261,448315.311,4567655.462
CUVA_InvPla_262,448475.397,4567877.993
CUVA_InvPla_263,450333.661,4569546.814
CUVA_InvPla_264,450611.874,4569912.382
CUVA_InvPla_265,450898.174,4570156.993
CUVA_InvPla_266,451179.667,4570442.965
CUVA_InvPla_267,451460.564,4570724.559
CUVA_InvPla_268,451741.343,4571007.481
CUVA_InvPla_269,452026.252,4571290.489
CUVA_InvPla_27,448337.259,4580064.408
CUVA_InvPla_270,452309.092,4571573.087
CUVA_InvPla_271,452591.935,4571855.930
CUVA_InvPla_272,452874.778,4572138.772
CUVA_InvPla_273,453122.258,4572335.756
CUVA_InvPla_274,447504.230,4566360.072
CUVA_InvPla_275,447786.605,4566497.096
CUVA_InvPla_276,448066.452,4566764.761
CUVA_InvPla_277,448340.173,4566992.535
CUVA_InvPla_278,450385.671,4569046.260
CUVA_InvPla_279,450612.036,4569310.345
CUVA_InvPla_28,448609.248,4580349.921
CUVA_InvPla_280,450901.051,4569581.162
CUVA_InvPla_281,451177.722,4569876.030
CUVA_InvPla_282,451460.564,4570158.873
CUVA_InvPla_283,451740.415,4570437.842
CUVA_InvPla_284,452045.419,4570722.236
CUVA_InvPla_285,452309.140,4571007.401
CUVA_InvPla_286,452594.389,4571289.593
CUVA_InvPla_287,452874.778,4571573.087
CUVA_InvPla_288,453157.621,4571855.930
CUVA_InvPla_289,453440.462,4572137.438
CUVA_InvPla_29,448914.051,4580664.681
CUVA_InvPla_290,453660.356,4572291.126
CUVA_InvPla_291,448094.653,4566205.055
CUVA_InvPla_292,448349.295,4566481.918
CUVA_InvPla_293,448632.007,4566763.242
CUVA_InvPla_294,448908.692,4566991.248
CUVA_InvPla_295,450173.511,4568193.598
CUVA_InvPla_296,450306.255,4568454.034
CUVA_InvPla_297,450675.828,4568786.291
CUVA_InvPla_298,450901.394,4569030.712
CUVA_InvPla_299,451177.722,4569310.345
CUVA_InvPla_3,447027.855,4582121.498
CUVA_InvPla_30,449122.260,4580785.648
CUVA_InvPla_300,451460.564,4569593.188
CUVA_InvPla_301,451743.407,4569876.030
CUVA_InvPla_302,452018.968,4570170.176
CUVA_InvPla_303,452308.247,4570457.932
CUVA_InvPla_304,452591.935,4570724.559
CUVA_InvPla_305,452874.778,4571007.401
CUVA_InvPla_306,453154.197,4571295.117
CUVA_InvPla_307,453414.765,4571566.770
CUVA_InvPla_308,453723.091,4571906.063
CUVA_InvPla_309,453854.489,4572060.655
CUVA_InvPla_31,448359.524,4579631.935
CUVA_InvPla_310,448343.377,4565919.827
CUVA_InvPla_311,448632.137,4566199.075
CUVA_InvPla_312,448882.251,4566481.757
CUVA_InvPla_313,449536.583,4567083.803
CUVA_InvPla_314,449745.262,4567219.151
CUVA_InvPla_315,450611.449,4568165.498
CUVA_InvPla_316,450935.526,4568477.872
CUVA_InvPla_317,451169.827,4568746.747
CUVA_InvPla_318,451460.564,4569027.502
CUVA_InvPla_319,451743.407,4569310.345
CUVA_InvPla_32,448629.307,4579789.079
CUVA_InvPla_320,452026.250,4569593.188
CUVA_InvPla_321,452309.426,4569876.592
CUVA_InvPla_322,452596.709,4570158.575
CUVA_InvPla_323,452808.846,4570472.029
CUVA_InvPla_324,453125.205,4570791.957
CUVA_InvPla_325,453446.174,4570950.469
CUVA_InvPla_326,448437.101,4565374.001
CUVA_InvPla_327,448635.567,4565640.401
CUVA_InvPla_328,450042.711,4567027.566
CUVA_InvPla_329,450631.548,4567578.148
CUVA_InvPla_33,448931.497,4580046.885
CUVA_InvPla_330,450898.509,4567893.872
CUVA_InvPla_331,451146.704,4568237.078
CUVA_InvPla_332,451461.075,4568459.850
CUVA_InvPla_333,451743.407,4568744.660
CUVA_InvPla_334,452026.250,4569027.502
CUVA_InvPla_335,452309.092,4569310.345
CUVA_InvPla_336,452591.935,4569593.188
CUVA_InvPla_337,452874.778,4569876.030
CUVA_InvPla_338,453154.182,4570059.730
CUVA_InvPla_339,453770.768,4570840.932
CUVA_InvPla_34,449198.327,4580340.913
CUVA_InvPla_340,454015.373,4570972.150
CUVA_InvPla_341,454267.005,4571195.368
CUVA_InvPla_342,448662.154,4565115.234
CUVA_InvPla_343,448915.431,4565350.366
CUVA_InvPla_344,450062.676,4566482.672
CUVA_InvPla_345,450329.193,4566764.761
CUVA_InvPla_346,450552.215,4566932.796
CUVA_InvPla_347,450815.421,4567413.688
CUVA_InvPla_348,451170.924,4567633.671
CUVA_InvPla_349,451510.498,4567899.899
CUVA_InvPla_35,449481.274,4580601.712
CUVA_InvPla_350,451743.407,4568178.974
CUVA_InvPla_351,452026.250,4568461.817
CUVA_InvPla_352,452309.092,4568744.660
CUVA_InvPla_353,452591.935,4569027.502
CUVA_InvPla_354,452874.778,4569310.345
CUVA_InvPla_355,453157.528,4569591.573
CUVA_InvPla_356,453438.940,4569876.210
CUVA_InvPla_357,454091.568,4570500.720
CUVA_InvPla_358,454294.219,4570724.578
CUVA_InvPla_359,454473.200,4570939.980
CUVA_InvPla_36,449776.945,4580879.456
CUVA_InvPla_360,448913.690,4564913.746
CUVA_InvPla_361,449148.245,4565106.830
CUVA_InvPla_362,450072.143,4565888.481
CUVA_InvPla_363,450302.110,4566279.554
CUVA_InvPla_364,450521.785,4566522.508
CUVA_InvPla_365,451468.919,4567384.611
CUVA_InvPla_366,451743.407,4567613.289
CUVA_InvPla_367,452026.250,4567896.131
CUVA_InvPla_368,452282.504,4568165.521
CUVA_InvPla_369,452821.450,4568765.524
CUVA_InvPla_37,448719.187,4579148.107
CUVA_InvPla_370,453154.277,4569031.457
CUVA_InvPla_371,453446.560,4569313.612
CUVA_InvPla_372,453722.968,4569583.396
CUVA_InvPla_373,454017.519,4569880.725
CUVA_InvPla_374,454294.757,4570158.381
CUVA_InvPla_375,454571.834,4570441.716
CUVA_InvPla_376,454695.950,4570650.484
CUVA_InvPla_377,449306.316,4564502.125
CUVA_InvPla_378,449518.431,4564724.825
CUVA_InvPla_379,449818.602,4564959.406
CUVA_InvPla_38,448913.494,4579482.733
CUVA_InvPla_380,450004.663,4565423.568
CUVA_InvPla_381,450280.030,4565636.430
CUVA_InvPla_382,450672.393,4565845.362
CUVA_InvPla_383,450883.064,4566187.168
CUVA_InvPla_384,451130.784,4566555.786
CUVA_InvPla_385,451452.612,4566725.055
CUVA_InvPla_386,451738.168,4567070.904
CUVA_InvPla_387,452000.982,4567417.837
CUVA_InvPla_388,452288.503,4567610.236
CUVA_InvPla_389,453244.905,4568543.421
CUVA_InvPla_39,449199.031,4579829.193
CUVA_InvPla_390,453439.665,4568760.817
CUVA_InvPla_391,453720.020,4569041.059
CUVA_InvPla_392,454005.863,4569310.348
CUVA_InvPla_393,454287.338,4569602.867
CUVA_InvPla_394,454571.834,4569876.030
CUVA_InvPla_395,454801.235,4570147.691
CUVA_InvPla_396,448713.211,4563310.443
CUVA_InvPla_397,448970.009,4563647.153
CUVA_InvPla_398,449208.551,4563910.561
CUVA_InvPla_399,449481.443,4564219.176
CUVA_InvPla_4,447215.758,4582313.276
CUVA_InvPla_40,449473.329,4580062.616
CUVA_InvPla_400,449721.204,4564502.504
CUVA_InvPla_401,450308.194,4565137.062
CUVA_InvPla_402,450547.927,4565435.466
CUVA_InvPla_403,450895.546,4565639.266
CUVA_InvPla_404,451112.557,4565861.031
CUVA_InvPla_405,452276.860,4567141.002
CUVA_InvPla_406,452629.644,4567279.032
CUVA_InvPla_407,453073.415,4567909.419
CUVA_InvPla_408,453722.092,4568519.510
CUVA_InvPla_409,453984.568,4568759.204
CUVA_InvPla_41,449734.092,4580347.880
CUVA_InvPla_410,454164.548,4569022.268
CUVA_InvPla_411,454579.777,4569370.786
CUVA_InvPla_412,454807.394,4569615.192
CUVA_InvPla_413,455048.865,4569865.214
CUVA_InvPla_414,448915.460,4563168.534
CUVA_InvPla_415,449197.823,4563370.648
CUVA_InvPla_416,449480.665,4563653.491
CUVA_InvPla_417,449759.998,4563932.793
CUVA_InvPla_418,450948.925,4565065.203
CUVA_InvPla_419,451190.908,4565352.202
CUVA_InvPla_42,448676.198,4578721.274
CUVA_InvPla_420,451450.006,4565620.457
CUVA_InvPla_421,453089.369,4567401.714
CUVA_InvPla_422,453756.920,4567893.461
CUVA_InvPla_423,454043.742,4568127.551
CUVA_InvPla_424,454335.291,4568421.680
CUVA_InvPla_425,454559.407,4568728.431
CUVA_InvPla_426,454878.445,4569011.713
CUVA_InvPla_427,455083.599,4569219.563
CUVA_InvPla_428,449264.808,4562802.714
CUVA_InvPla_429,449474.257,4563083.348
CUVA_InvPla_43,448914.980,4578926.997
CUVA_InvPla_430,449763.547,4563373.802
CUVA_InvPla_431,450003.004,4563640.426
CUVA_InvPla_432,450408.737,4563938.806
CUVA_InvPla_433,451194.589,4564858.471
CUVA_InvPla_434,451456.936,4565075.985
CUVA_InvPla_435,451739.953,4565347.299
CUVA_InvPla_436,453524.764,4567110.852
CUVA_InvPla_437,453729.170,4567271.970
CUVA_InvPla_438,454021.781,4567718.466
CUVA_InvPla_439,454288.847,4567896.091
CUVA_InvPla_44,449184.498,4579211.868
CUVA_InvPla_440,454563.754,4568186.449
CUVA_InvPla_441,455137.520,4568744.660
CUVA_InvPla_442,455412.103,4568970.141
CUVA_InvPla_443,449053.182,4561946.363
CUVA_InvPla_444,449220.370,4562236.268
CUVA_InvPla_445,449480.665,4562522.120
CUVA_InvPla_446,449764.465,4562795.171
CUVA_InvPla_447,450050.471,4563087.688
CUVA_InvPla_448,450326.497,4563352.093
CUVA_InvPla_449,450648.572,4563646.383
CUVA_InvPla_45,449483.473,4579407.732
CUVA_InvPla_450,450876.709,4563912.823
CUVA_InvPla_451,452049.732,4565099.288
CUVA_InvPla_452,452309.577,4565307.499
CUVA_InvPla_453,453526.815,4566487.941
CUVA_InvPla_454,453761.459,4566748.722
CUVA_InvPla_455,454039.107,4567062.767
CUVA_InvPla_456,454287.419,4567240.396
CUVA_InvPla_457,454577.506,4567652.028
CUVA_InvPla_458,454853.936,4567764.101
CUVA_InvPla_459,455207.418,4568151.408
CUVA_InvPla_46,448654.738,4578200.192
CUVA_InvPla_460,455420.362,4568461.817
CUVA_InvPla_461,455653.793,4568710.980
CUVA_InvPla_462,449038.160,4561486.965
CUVA_InvPla_463,449203.416,4561673.940
CUVA_InvPla_464,449480.665,4561956.435
CUVA_InvPla_465,449763.508,4562239.277
CUVA_InvPla_466,450046.351,4562522.120
CUVA_InvPla_467,450329.193,4562804.963
CUVA_InvPla_468,450601.801,4563068.093
CUVA_InvPla_469,450892.499,4563443.982
CUVA_InvPla_47,448884.999,4578428.053
CUVA_InvPla_470,451178.147,4563651.704
CUVA_InvPla_471,451460.833,4563922.485
CUVA_InvPla_472,451744.104,4564063.568
CUVA_InvPla_473,452177.604,4564570.127
CUVA_InvPla_474,452304.306,4564765.333
CUVA_InvPla_475,452594.717,4565069.106
CUVA_InvPla_476,452828.150,4565244.143
CUVA_InvPla_477,453729.271,4566199.451
CUVA_InvPla_478,454005.554,4566487.882
CUVA_InvPla_479,454288.991,4566764.761
CUVA_InvPla_48,449189.259,4578708.704
CUVA_InvPla_480,454571.833,4567047.419
CUVA_InvPla_481,454855.686,4567218.126
CUVA_InvPla_482,455137.657,4567650.928
CUVA_InvPla_483,455424.590,4567799.782
CUVA_InvPla_484,455697.325,4568224.011
CUVA_InvPla_485,455882.655,4568399.768
CUVA_InvPla_486,449284.877,4561112.990
CUVA_InvPla_487,449488.596,4561390.972
CUVA_InvPla_488,449763.508,4561673.592
CUVA_InvPla_489,450046.351,4561956.435
CUVA_InvPla_49,449480.728,4578923.733
CUVA_InvPla_490,450329.193,4562239.277
CUVA_InvPla_491,450609.052,4562517.937
CUVA_InvPla_492,450894.782,4562801.641
CUVA_InvPla_493,451241.772,4563084.682
CUVA_InvPla_494,451445.977,4563384.728
CUVA_InvPla_495,451743.407,4563653.491
CUVA_InvPla_496,452026.270,4563924.379
CUVA_InvPla_497,452309.903,4564065.885
CUVA_InvPla_498,452653.420,4564489.867
CUVA_InvPla_499,452879.884,4564785.153
CUVA_InvPla_5,447506.989,4582502.039
CUVA_InvPla_50,449680.687,4579207.439
CUVA_InvPla_500,453155.142,4565034.345
CUVA_InvPla_501,454336.692,4566253.811
CUVA_InvPla_502,454571.834,4566481.918
CUVA_InvPla_503,454853.784,4566765.113
CUVA_InvPla_504,455137.520,4567047.262
CUVA_InvPla_505,455438.853,4567249.451
CUVA_InvPla_506,455701.201,4567655.323
CUVA_InvPla_507,455973.805,4567873.020
CUVA_InvPla_508,449278.116,4560540.860
CUVA_InvPla_509,449491.498,4560824.048
CUVA_InvPla_51,451219.974,4580623.508
CUVA_InvPla_510,449763.508,4561107.906
CUVA_InvPla_511,450046.351,4561390.749
CUVA_InvPla_512,450329.193,4561673.592
CUVA_InvPla_513,450612.036,4561956.435
CUVA_InvPla_514,450894.356,4562242.434
CUVA_InvPla_515,451162.377,4562505.050
CUVA_InvPla_516,451412.314,4562847.986
CUVA_InvPla_517,451754.465,4563079.836
CUVA_InvPla_518,452024.962,4563370.645
CUVA_InvPla_519,452308.198,4563672.823
CUVA_InvPla_52,451419.658,4580877.248
CUVA_InvPla_520,452592.609,4563929.393
CUVA_InvPla_521,452874.999,4564219.176
CUVA_InvPla_522,453146.725,4564504.017
CUVA_InvPla_523,453440.463,4564784.862
CUVA_InvPla_524,453671.457,4565091.317
CUVA_InvPla_525,454035.274,4565341.823
CUVA_InvPla_526,454592.341,4565921.703
CUVA_InvPla_527,454853.284,4566198.479
CUVA_InvPla_528,455119.541,4566542.669
CUVA_InvPla_529,455420.362,4566764.761
CUVA_InvPla_53,449226.773,4578029.021
CUVA_InvPla_530,455699.856,4567047.691
CUVA_InvPla_531,455989.609,4567280.692
CUVA_InvPla_532,456183.619,4567639.404
CUVA_InvPla_533,456487.408,4567014.595
CUVA_InvPla_534,456257.648,4566753.443
CUVA_InvPla_535,456560.162,4566480.441
CUVA_InvPla_536,456839.926,4566188.642
CUVA_InvPla_537,457062.487,4565875.372
CUVA_InvPla_538,457614.377,4565271.744
CUVA_InvPla_539,457909.472,4565004.833
CUVA_InvPla_54,449590.255,4578412.567
CUVA_InvPla_540,458206.575,4564732.285
CUVA_InvPla_541,458482.877,4564467.625
CUVA_InvPla_542,458698.642,4564266.863
CUVA_InvPla_543,455986.048,4566481.918
CUVA_InvPla_544,456268.704,4566224.184
CUVA_InvPla_545,456521.501,4565910.144
CUVA_InvPla_546,456834.918,4565626.842
CUVA_InvPla_547,457117.418,4565350.547
CUVA_InvPla_548,457400.261,4565067.704
CUVA_InvPla_549,457686.699,4564797.367
CUVA_InvPla_55,449763.440,4578644.152
CUVA_InvPla_550,457965.947,4564502.019
CUVA_InvPla_551,458232.125,4564250.014
CUVA_InvPla_552,455707.471,4566207.353
CUVA_InvPla_553,455985.756,4565916.099
CUVA_InvPla_554,456268.891,4565633.390
CUVA_InvPla_555,456551.733,4565350.547
CUVA_InvPla_556,456834.576,4565067.704
CUVA_InvPla_557,457117.418,4564784.862
CUVA_InvPla_558,457400.247,4564482.185
CUVA_InvPla_559,457683.104,4564219.176
CUVA_InvPla_56,449863.065,4578872.487
CUVA_InvPla_560,457965.947,4563936.334
CUVA_InvPla_561,458182.979,4563655.024
CUVA_InvPla_562,455373.828,4565912.778
CUVA_InvPla_563,455704.488,4565630.959
CUVA_InvPla_564,455992.066,4565363.555
CUVA_InvPla_565,456296.124,4565117.683
CUVA_InvPla_566,456600.536,4564811.336
CUVA_InvPla_567,456834.206,4564499.878
CUVA_InvPla_568,457117.418,4564219.177
CUVA_InvPla_569,457411.840,4563939.025
CUVA_InvPla_57,451495.250,4580434.629
CUVA_InvPla_570,457683.104,4563653.491
CUVA_InvPla_571,457965.567,4563430.331
CUVA_InvPla_572,455132.636,4565638.622
CUVA_InvPla_573,455412.912,4565360.939
CUVA_InvPla_574,455666.151,4565083.387
CUVA_InvPla_575,456020.651,4564720.430
CUVA_InvPla_576,456303.718,4564508.983
CUVA_InvPla_577,456558.701,4564221.082
CUVA_InvPla_578,456832.164,4563926.713
CUVA_InvPla_579,457086.610,4563647.571
CUVA_InvPla_58,451707.823,4580597.363
CUVA_InvPla_580,457411.996,4563391.923
CUVA_InvPla_581,457667.932,4563031.202
CUVA_InvPla_582,457850.244,4562805.628
CUVA_InvPla_583,454850.995,4565344.265
CUVA_InvPla_584,455149.339,4565110.212
CUVA_InvPla_585,455443.586,4564816.833
CUVA_InvPla_586,455637.404,4564619.991
CUVA_InvPla_587,455983.039,4564115.576
CUVA_InvPla_588,456270.646,4563925.034
CUVA_InvPla_589,456551.733,4563653.491
CUVA_InvPla_59,452034.479,4580906.482
CUVA_InvPla_590,456834.622,4563376.247
CUVA_InvPla_591,457108.293,4563085.824
CUVA_InvPla_592,457377.348,4562789.028
CUVA_InvPla_593,457633.758,4562559.869
CUVA_InvPla_594,454568.152,4565155.035
CUVA_InvPla_595,455791.772,4563923.889
CUVA_InvPla_596,456033.619,4563673.112
CUVA_InvPla_597,456272.487,4563370.920
CUVA_InvPla_598,456541.573,4563081.209
CUVA_InvPla_599,456834.576,4562804.963
CUVA_InvPla_6,447287.275,4581818.588
CUVA_InvPla_60,452374.667,4581125.657
CUVA_InvPla_600,457117.418,4562522.120
CUVA_InvPla_601,457399.990,4562239.278
CUVA_InvPla_602,457574.635,4561961.976
CUVA_InvPla_603,454157.919,4564747.410
CUVA_InvPla_604,454718.711,4564445.994
CUVA_InvPla_605,454868.108,4564210.718
CUVA_InvPla_606,455108.145,4563917.716
CUVA_InvPla_607,455373.590,4563664.205
CUVA_InvPla_608,455679.840,4563311.657
CUVA_InvPla_609,456024.275,4563108.383
CUVA_InvPla_61,452622.312,4581447.638
CUVA_InvPla_610,456280.442,4562800.675
CUVA_InvPla_611,456551.733,4562522.120
CUVA_InvPla_612,456831.647,4562239.844
CUVA_InvPla_613,457181.911,4561992.381
CUVA_InvPla_614,457402.106,4561674.689
CUVA_InvPla_615,457574.515,4561491.229
CUVA_InvPla_616,454003.025,4564500.509
CUVA_InvPla_617,454200.700,4564181.217
CUVA_InvPla_618,454571.819,4563909.749
CUVA_InvPla_619,454854.677,4563653.491
CUVA_InvPla_62,452827.410,4581686.259
CUVA_InvPla_620,455137.520,4563370.648
CUVA_InvPla_621,455419.270,4563087.274
CUVA_InvPla_622,455666.066,4562773.426
CUVA_InvPla_623,455986.072,4562521.364
CUVA_InvPla_624,456268.891,4562239.277
CUVA_InvPla_625,456550.930,4561959.535
CUVA_InvPla_626,456869.938,4561752.498
CUVA_InvPla_627,457138.301,4561499.948
CUVA_InvPla_628,453723.306,4564219.176
CUVA_InvPla_629,454005.942,4563947.258
CUVA_InvPla_63,449772.848,4578077.756
CUVA_InvPla_630,454288.998,4563653.491
CUVA_InvPla_631,454571.834,4563370.648
CUVA_InvPla_632,454854.677,4563087.805
CUVA_InvPla_633,455137.520,4562804.963
CUVA_InvPla_634,455414.797,4562516.833
CUVA_InvPla_635,455702.991,4562239.457
CUVA_InvPla_636,455986.238,4561963.587
CUVA_InvPla_637,456284.213,4561689.203
CUVA_InvPla_638,456449.583,4561462.295
CUVA_InvPla_639,453440.463,4563936.334
CUVA_InvPla_64,450009.035,4578347.846
CUVA_InvPla_640,453717.890,4563653.670
CUVA_InvPla_641,454012.708,4563357.992
CUVA_InvPla_642,454288.991,4563087.805
CUVA_InvPla_643,454572.640,4562808.114
CUVA_InvPla_644,454854.677,4562522.120
CUVA_InvPla_645,455137.520,4562239.277
CUVA_InvPla_646,455420.362,4561956.435
CUVA_InvPla_647,455701.127,4561673.576
CUVA_InvPla_648,455938.700,4561454.211
CUVA_InvPla_649,453156.653,4563648.860
CUVA_InvPla_65,451787.616,4580129.597
CUVA_InvPla_650,453440.463,4563370.648
CUVA_InvPla_651,453725.356,4563094.061
CUVA_InvPla_652,454006.149,4562804.963
CUVA_InvPla_653,454263.715,4562521.268
CUVA_InvPla_654,454574.414,4562240.760
CUVA_InvPla_655,454854.677,4561956.435
CUVA_InvPla_656,455137.520,4561673.592
CUVA_InvPla_657,455419.751,4561394.479
CUVA_InvPla_658,455693.188,4561108.550
CUVA_InvPla_659,455823.784,4560897.877
CUVA_InvPla_66,452024.541,4580339.105
CUVA_InvPla_660,452876.252,4563369.581
CUVA_InvPla_661,453157.621,4563087.805
CUVA_InvPla_662,453442.670,4562816.562
CUVA_InvPla_663,453739.203,4562523.128
CUVA_InvPla_664,454006.149,4562239.277
CUVA_InvPla_665,454288.991,4561956.435
CUVA_InvPla_666,454571.834,4561673.592
CUVA_InvPla_667,454854.677,4561390.749
CUVA_InvPla_668,455136.285,4561110.591
CUVA_InvPla_669,455426.032,4560931.829
CUVA_InvPla_67,452326.355,4580623.167
CUVA_InvPla_670,452591.935,4563087.805
CUVA_InvPla_671,452874.778,4562804.963
CUVA_InvPla_672,453160.347,4562546.643
CUVA_InvPla_673,453422.060,4562215.392
CUVA_InvPla_674,453723.306,4561956.435
CUVA_InvPla_675,454010.553,4561691.679
CUVA_InvPla_676,454289.641,4561390.736
CUVA_InvPla_677,454571.835,4561107.913
CUVA_InvPla_678,454844.164,4560825.574
CUVA_InvPla_679,454976.858,4560567.901
CUVA_InvPla_68,452591.935,4580906.896
CUVA_InvPla_680,452309.092,4562804.963
CUVA_InvPla_681,452570.091,4562562.011
CUVA_InvPla_682,452875.129,4562230.804
CUVA_InvPla_683,453185.960,4561938.735
CUVA_InvPla_684,453437.982,4561674.791
CUVA_InvPla_685,453700.740,4561375.749
CUVA_InvPla_686,453984.200,4561127.170
CUVA_InvPla_687,454574.856,4560538.090
CUVA_InvPla_688,454731.142,4560337.093
CUVA_InvPla_689,452041.713,4562515.141
CUVA_InvPla_69,452874.778,4581189.739
CUVA_InvPla_690,452294.126,4562243.160
CUVA_InvPla_691,452619.526,4561962.102
CUVA_InvPla_692,452877.329,4561647.783
CUVA_InvPla_693,453161.930,4561390.719
CUVA_InvPla_694,453440.463,4561107.906
CUVA_InvPla_695,453723.306,4560825.064
CUVA_InvPla_696,454006.149,4560542.221
CUVA_InvPla_697,454278.128,4560264.970
CUVA_InvPla_698,454432.873,4560038.036
CUVA_InvPla_699,451744.710,4562222.265
CUVA_InvPla_7,447500.766,4582038.267
CUVA_InvPla_70,453776.197,4581991.892
CUVA_InvPla_700,452038.389,4561987.923
CUVA_InvPla_701,452350.705,4561703.523
CUVA_InvPla_702,452557.318,4561522.877
CUVA_InvPla_703,452875.367,4561105.848
CUVA_InvPla_704,453157.621,4560825.064
CUVA_InvPla_705,453440.463,4560542.221
CUVA_InvPla_706,453723.306,4560259.378
CUVA_InvPla_707,454010.765,4559985.916
CUVA_InvPla_708,454288.931,4559693.376
CUVA_InvPla_709,454558.893,4559404.381
CUVA_InvPla_71,449840.794,4577498.541
CUVA_InvPla_710,454822.549,4559155.861
CUVA_InvPla_711,451460.564,4561956.435
CUVA_InvPla_712,452018.680,4561397.042
CUVA_InvPla_713,452616.351,4560826.318
CUVA_InvPla_714,452875.610,4560552.188
CUVA_InvPla_715,453184.900,4560272.371
CUVA_InvPla_716,453440.463,4559976.536
CUVA_InvPla_717,453635.428,4559774.769
CUVA_InvPla_718,454063.323,4559439.913
CUVA_InvPla_719,454361.163,4559180.796
CUVA_InvPla_72,450046.351,4577795.626
CUVA_InvPla_720,451174.021,4561703.810
CUVA_InvPla_721,451473.927,4561285.670
CUVA_InvPla_722,452027.448,4560746.193
CUVA_InvPla_723,452309.123,4560539.341
CUVA_InvPla_724,452581.468,4560259.651
CUVA_InvPla_725,452771.722,4559952.814
CUVA_InvPla_726,453216.329,4559766.310
CUVA_InvPla_727,453384.787,4559334.852
CUVA_InvPla_728,454565.288,4558201.400
CUVA_InvPla_729,454804.998,4558013.190
CUVA_InvPla_73,450320.359,4578043.381
CUVA_InvPla_730,450885.361,4561405.189
CUVA_InvPla_731,451224.782,4561163.847
CUVA_InvPla_732,451457.238,4560817.919
CUVA_InvPla_733,451746.508,4560603.765
CUVA_InvPla_734,452023.853,4560268.837
CUVA_InvPla_735,452309.092,4559976.536
CUVA_InvPla_736,452568.707,4559693.251
CUVA_InvPla_737,452873.451,4559377.100
CUVA_InvPla_738,453157.430,4559131.175
CUVA_InvPla_739,453385.900,4558792.771
CUVA_InvPla_74,452085.166,4579874.802
CUVA_InvPla_740,453655.841,4558485.989
CUVA_InvPla_741,453999.042,4558253.528
CUVA_InvPla_742,454288.991,4557996.624
CUVA_InvPla_743,454554.041,4557711.212
CUVA_InvPla_744,454807.717,4557496.414
CUVA_InvPla_745,450608.041,4561108.469
CUVA_InvPla_746,450901.552,4560816.360
CUVA_InvPla_747,451172.671,4560567.014
CUVA_InvPla_748,451479.002,4560240.801
CUVA_InvPla_749,451720.129,4559996.014
CUVA_InvPla_75,452320.205,4580071.384
CUVA_InvPla_750,452032.810,4559691.271
CUVA_InvPla_751,452309.092,4559410.850
CUVA_InvPla_752,452591.935,4559128.007
CUVA_InvPla_753,452879.537,4558873.072
CUVA_InvPla_754,453159.872,4558567.655
CUVA_InvPla_755,453446.870,4558278.638
CUVA_InvPla_756,453723.306,4557996.636
CUVA_InvPla_757,454006.397,4557726.275
CUVA_InvPla_758,454290.390,4557496.541
CUVA_InvPla_759,450304.141,4560870.768
CUVA_InvPla_76,452591.935,4580341.211
CUVA_InvPla_760,450695.797,4560446.619
CUVA_InvPla_761,450893.490,4560266.250
CUVA_InvPla_762,451268.917,4559961.437
CUVA_InvPla_763,451460.834,4559696.051
CUVA_InvPla_764,451746.982,4559415.425
CUVA_InvPla_765,452026.287,4559128.441
CUVA_InvPla_766,452332.807,4558864.876
CUVA_InvPla_767,452585.442,4558560.871
CUVA_InvPla_768,452839.120,4558279.889
CUVA_InvPla_769,453165.129,4557999.536
CUVA_InvPla_77,452874.778,4580624.054
CUVA_InvPla_770,453440.463,4557713.794
CUVA_InvPla_771,453681.230,4557535.699
CUVA_InvPla_772,449986.319,4560570.704
CUVA_InvPla_773,450667.533,4560015.517
CUVA_InvPla_774,450950.344,4559579.509
CUVA_InvPla_775,451171.842,4559415.615
CUVA_InvPla_776,451496.526,4559157.629
CUVA_InvPla_777,451700.915,4558935.950
CUVA_InvPla_778,452144.050,4558521.186
CUVA_InvPla_779,452310.771,4558279.347
CUVA_InvPla_78,453157.621,4580906.896
CUVA_InvPla_780,452592.226,4558011.504
CUVA_InvPla_781,452874.170,4557707.465
CUVA_InvPla_782,453156.398,4557431.441
CUVA_InvPla_783,449736.554,4560271.603
CUVA_InvPla_784,450293.957,4559640.691
CUVA_InvPla_785,450607.209,4559388.721
CUVA_InvPla_786,450915.711,4559127.946
CUVA_InvPla_787,451161.868,4558833.549
CUVA_InvPla_788,451408.944,4558516.033
CUVA_InvPla_789,451728.683,4558257.190
CUVA_InvPla_79,453440.463,4581189.739
CUVA_InvPla_790,452017.004,4557989.726
CUVA_InvPla_791,452291.866,4557715.608
CUVA_InvPla_792,452601.652,4557430.820
CUVA_InvPla_793,452883.561,4557197.394
CUVA_InvPla_794,450075.127,4559416.952
CUVA_InvPla_795,450309.783,4559119.188
CUVA_InvPla_796,450612.250,4558838.697
CUVA_InvPla_797,450894.879,4558562.322
CUVA_InvPla_798,451195.045,4558264.888
CUVA_InvPla_799,451460.564,4557996.636
CUVA_InvPla_8,447720.372,4582275.691
CUVA_InvPla_80,453723.306,4581472.582
CUVA_InvPla_800,451743.407,4557713.794
CUVA_InvPla_801,452021.964,4557431.794
CUVA_InvPla_802,452298.745,4557191.686
CUVA_InvPla_803,450432.238,4558614.887
CUVA_InvPla_804,450642.395,4558279.608
CUVA_InvPla_805,450894.868,4557996.628
CUVA_InvPla_806,451177.722,4557713.794
CUVA_InvPla_807,451460.564,4557430.951
CUVA_InvPla_808,451743.400,4557148.129
CUVA_InvPla_809,451996.137,4557038.920
CUVA_InvPla_81,454006.831,4581751.450
CUVA_InvPla_810,450052.355,4558115.469
CUVA_InvPla_811,450267.431,4557942.969
CUVA_InvPla_812,450623.916,4557704.847
CUVA_InvPla_813,450893.115,4557479.328
CUVA_InvPla_814,451503.841,4556867.043
CUVA_InvPla_815,451723.055,4556605.302
CUVA_InvPla_816,451937.367,4556436.807
CUVA_InvPla_817,450090.113,4557694.893
CUVA_InvPla_818,450329.193,4557430.951
CUVA_InvPla_819,450579.959,4557148.536
CUVA_InvPla_82,454289.448,4582038.164
CUVA_InvPla_820,451461.639,4556460.056
CUVA_InvPla_821,450074.051,4557148.019
CUVA_InvPla_822,450348.676,4556973.275
CUVA_InvPla_83,454520.933,4582240.885
CUVA_InvPla_84,449534.860,4576724.034
CUVA_InvPla_85,449763.421,4576943.512
CUVA_InvPla_86,450045.911,4577233.778
CUVA_InvPla_87,450328.676,4577512.704
CUVA_InvPla_88,450606.363,4577803.608
CUVA_InvPla_89,450891.591,4578093.178
CUVA_InvPla_9,447257.526,4581109.324
CUVA_InvPla_90,451153.989,4578311.626
CUVA_InvPla_91,452579.991,4579778.944
CUVA_InvPla_92,452839.014,4580151.682
CUVA_InvPla_93,453157.627,4580341.265
CUVA_InvPla_94,453440.463,4580624.054
CUVA_InvPla_95,453713.713,4580905.145
CUVA_InvPla_96,454006.197,4581189.884
CUVA_InvPla_97,454288.913,4581473.419
CUVA_InvPla_98,454571.834,4581755.425
CUVA_InvPla_99,454823.170,4581975.167
EFMO_InvPla_1,647862.912,4774569.075
EFMO_InvPla_10,647810.327,4774225.745
EFMO_InvPla_100,647594.687,4772640.250
EFMO_InvPla_101,647792.835,4772613.386
EFMO_InvPla_102,647990.181,4772587.627
EFMO_InvPla_105,644595.111,4772846.505
EFMO_InvPla_106,644793.281,4772819.500
EFMO_InvPla_107,644991.452,4772792.495
EFMO_InvPla_108,645189.625,4772765.500
EFMO_InvPla_109,645387.813,4772738.500
EFMO_InvPla_11,648008.500,4774198.750
EFMO_InvPla_110,645586.026,4772711.619
EFMO_InvPla_111,645784.157,4772684.750
EFMO_InvPla_112,645982.327,4772657.745
EFMO_InvPla_113,646180.499,4772630.750
EFMO_InvPla_114,646378.647,4772603.886
EFMO_InvPla_115,646576.861,4772577.005
EFMO_InvPla_116,646773.860,4772549.122
EFMO_InvPla_117,646973.396,4772521.418
EFMO_InvPla_118,647171.910,4772496.353
EFMO_InvPla_119,647369.562,4772469.000
EFMO_InvPla_12,648162.361,4774167.198
EFMO_InvPla_120,647567.736,4772442.005
EFMO_InvPla_123,643624.092,4772779.411
EFMO_InvPla_124,643775.437,4772756.000
EFMO_InvPla_125,643973.625,4772729.000
EFMO_InvPla_127,644369.986,4772675.255
EFMO_InvPla_128,644568.139,4772648.245
EFMO_InvPla_129,644766.312,4772621.250
EFMO_InvPla_13,647586.374,4774055.120
EFMO_InvPla_130,644964.387,4772594.472
EFMO_InvPla_131,645163.853,4772570.956
EFMO_InvPla_132,645360.861,4772540.505
EFMO_InvPla_133,645559.015,4772513.495
EFMO_InvPla_134,645757.188,4772486.500
EFMO_InvPla_135,645955.375,4772459.500
EFMO_InvPla_136,646153.562,4772432.500
EFMO_InvPla_137,646351.776,4772405.619
EFMO_InvPla_138,646549.889,4772378.745
EFMO_InvPla_139,646748.062,4772351.750
EFMO_InvPla_14,647783.375,4774027.500
EFMO_InvPla_140,646946.049,4772324.559
EFMO_InvPla_141,647088.661,4772268.669
EFMO_InvPla_146,643611.871,4772583.154
EFMO_InvPla_147,643748.499,4772558.000
EFMO_InvPla_148,643946.673,4772531.005
EFMO_InvPla_149,644144.843,4772504.000
EFMO_InvPla_15,647981.562,4774000.500
EFMO_InvPla_150,644328.631,4772489.166
EFMO_InvPla_151,645208.464,4772367.691
EFMO_InvPla_152,645333.889,4772342.245
EFMO_InvPla_153,645532.022,4772315.386
EFMO_InvPla_154,645730.251,4772288.500
EFMO_InvPla_155,645928.424,4772261.505
EFMO_InvPla_156,646126.594,4772234.500
EFMO_InvPla_157,646324.764,4772207.495
EFMO_InvPla_158,646522.937,4772180.500
EFMO_InvPla_159,646721.125,4772153.500
EFMO_InvPla_16,648144.793,4773982.981
EFMO_InvPla_160,646919.313,4772126.500
EFMO_InvPla_161,647116.152,4772098.457
EFMO_InvPla_162,647314.866,4772057.001
EFMO_InvPla_163,647514.065,4772045.309
EFMO_InvPla_164,647711.238,4772018.090
EFMO_InvPla_165,647876.059,4771960.365
EFMO_InvPla_166,643600.359,4772387.377
EFMO_InvPla_167,643721.548,4772359.755
EFMO_InvPla_168,643919.702,4772332.745
EFMO_InvPla_169,644117.834,4772305.886
EFMO_InvPla_17,647584.642,4773877.463
EFMO_InvPla_170,644292.934,4772278.588
EFMO_InvPla_171,645196.009,4772183.447
EFMO_InvPla_172,645306.319,4772164.344
EFMO_InvPla_173,645508.985,4772149.729
EFMO_InvPla_174,645703.298,4772090.255
EFMO_InvPla_175,645895.917,4772064.708
EFMO_InvPla_176,646356.416,4772028.084
EFMO_InvPla_177,646496.000,4771982.500
EFMO_InvPla_178,646694.173,4771955.505
EFMO_InvPla_179,646892.344,4771928.500
EFMO_InvPla_18,647756.383,4773829.391
EFMO_InvPla_180,647090.514,4771901.495
EFMO_InvPla_181,647288.687,4771874.500
EFMO_InvPla_182,647486.876,4771847.500
EFMO_InvPla_183,647685.049,4771820.505
EFMO_InvPla_184,647883.259,4771793.614
EFMO_InvPla_186,643692.928,4772166.498
EFMO_InvPla_187,643892.414,4772153.296
EFMO_InvPla_188,644091.828,4772140.674
EFMO_InvPla_189,644280.134,4772128.421
EFMO_InvPla_19,647954.593,4773802.500
EFMO_InvPla_190,645682.110,4771893.711
EFMO_InvPla_191,645874.350,4771864.951
EFMO_InvPla_192,646469.753,4771784.762
EFMO_InvPla_193,646667.202,4771757.245
EFMO_InvPla_194,646865.375,4771730.250
EFMO_InvPla_195,647063.522,4771703.386
EFMO_InvPla_196,647261.750,4771676.500
EFMO_InvPla_197,647459.924,4771649.505
EFMO_InvPla_198,647658.077,4771622.495
EFMO_InvPla_199,647856.250,4771595.500
EFMO_InvPla_2,648043.694,4774556.441
EFMO_InvPla_20,648103.661,4773782.715
EFMO_InvPla_201,645658.051,4771688.358
EFMO_InvPla_202,645847.562,4771667.000
EFMO_InvPla_203,645966.719,4771638.231
EFMO_InvPla_204,646456.071,4771587.701
EFMO_InvPla_205,646640.250,4771559.000
EFMO_InvPla_206,646838.438,4771532.000
EFMO_InvPla_207,647036.651,4771505.119
EFMO_InvPla_208,647234.782,4771478.250
EFMO_InvPla_209,647432.952,4771451.245
EFMO_InvPla_21,647560.671,4773643.064
EFMO_InvPla_210,647631.124,4771424.250
EFMO_InvPla_211,647829.272,4771397.386
EFMO_InvPla_212,648011.492,4771366.351
EFMO_InvPla_213,645258.003,4771549.020
EFMO_InvPla_214,645424.250,4771522.500
EFMO_InvPla_215,645622.478,4771495.614
EFMO_InvPla_216,645820.611,4771468.755
EFMO_InvPla_217,645955.448,4771443.302
EFMO_InvPla_218,646446.780,4771391.217
EFMO_InvPla_219,646612.244,4771377.064
EFMO_InvPla_22,647729.492,4773631.109
EFMO_InvPla_220,646811.844,4771366.108
EFMO_InvPla_221,647010.945,4771355.157
EFMO_InvPla_222,647231.207,4771294.968
EFMO_InvPla_223,647406.000,4771253.000
EFMO_InvPla_224,647604.187,4771226.000
EFMO_InvPla_225,647802.401,4771199.119
EFMO_InvPla_226,648000.514,4771172.245
EFMO_InvPla_228,645246.787,4771366.808
EFMO_InvPla_229,645397.763,4771353.816
EFMO_InvPla_23,647927.626,4773604.250
EFMO_InvPla_230,645597.114,4771341.396
EFMO_InvPla_232,647379.063,4771055.000
EFMO_InvPla_233,647577.236,4771028.005
EFMO_InvPla_234,647775.389,4771000.995
EFMO_InvPla_235,647973.562,4770974.000
EFMO_InvPla_237,647232.779,4770885.428
EFMO_InvPla_238,647352.094,4770856.750
EFMO_InvPla_239,647550.264,4770829.745
EFMO_InvPla_24,648088.347,4773575.516
EFMO_InvPla_240,647748.438,4770802.750
EFMO_InvPla_241,647946.585,4770775.886
EFMO_InvPla_243,647325.439,4770658.641
EFMO_InvPla_244,647523.313,4770631.500
EFMO_InvPla_245,647721.501,4770604.500
EFMO_InvPla_246,647919.714,4770577.619
EFMO_InvPla_248,647307.583,4770461.834
EFMO_InvPla_249,647496.361,4770433.505
EFMO_InvPla_25,645719.117,4773658.092
EFMO_InvPla_250,647694.531,4770406.500
EFMO_InvPla_251,647892.702,4770379.495
EFMO_InvPla_252,648058.944,4770354.416
EFMO_InvPla_253,647298.041,4770262.747
EFMO_InvPla_254,647469.389,4770235.245
EFMO_InvPla_255,647667.562,4770208.250
EFMO_InvPla_256,647865.709,4770181.386
EFMO_InvPla_257,648044.700,4770154.331
EFMO_InvPla_258,647289.220,4770063.392
EFMO_InvPla_259,647442.438,4770037.000
EFMO_InvPla_26,645918.310,4773645.219
EFMO_InvPla_260,647640.625,4770010.000
EFMO_InvPla_261,647838.852,4769983.114
EFMO_InvPla_262,648032.066,4769954.227
EFMO_InvPla_263,647280.559,4769865.601
EFMO_InvPla_264,647415.501,4769839.000
EFMO_InvPla_265,647613.569,4769814.181
EFMO_InvPla_266,647811.843,4769785.000
EFMO_InvPla_267,648010.014,4769757.995
EFMO_InvPla_269,647673.858,4769627.894
EFMO_InvPla_27,646117.831,4773632.469
EFMO_InvPla_270,647783.979,4769604.673
EFMO_InvPla_271,647983.517,4769593.876
EFMO_InvPla_3,647501.929,4774476.179
EFMO_InvPla_31,647540.216,4773457.471
EFMO_InvPla_32,647702.500,4773433.000
EFMO_InvPla_33,647900.688,4773406.000
EFMO_InvPla_34,648090.592,4773375.467
EFMO_InvPla_35,645169.172,4773585.059
EFMO_InvPla_36,645297.438,4773558.250
EFMO_InvPla_37,645495.585,4773531.386
EFMO_InvPla_38,645693.813,4773504.500
EFMO_InvPla_39,645891.986,4773477.505
EFMO_InvPla_4,647639.085,4774450.886
EFMO_InvPla_40,646090.139,4773450.495
EFMO_InvPla_41,646288.312,4773423.500
EFMO_InvPla_42,646486.500,4773396.500
EFMO_InvPla_43,646663.273,4773368.744
EFMO_InvPla_44,647485.946,4773252.035
EFMO_InvPla_45,647675.522,4773234.886
EFMO_InvPla_46,647873.735,4773208.005
EFMO_InvPla_47,648071.906,4773181.000
EFMO_InvPla_49,645270.496,4773360.002
EFMO_InvPla_5,647837.298,4774424.005
EFMO_InvPla_50,645468.713,4773333.119
EFMO_InvPla_51,645666.844,4773306.250
EFMO_InvPla_52,645865.014,4773279.245
EFMO_InvPla_53,646063.188,4773252.250
EFMO_InvPla_54,646261.335,4773225.386
EFMO_InvPla_55,646459.562,4773198.500
EFMO_InvPla_56,646653.162,4773169.715
EFMO_InvPla_57,647099.266,4773070.503
EFMO_InvPla_58,647256.123,4773084.488
EFMO_InvPla_59,647450.438,4773063.500
EFMO_InvPla_6,648034.973,4774396.622
EFMO_InvPla_60,647648.651,4773036.619
EFMO_InvPla_61,647846.764,4773009.745
EFMO_InvPla_62,648044.937,4772982.750
EFMO_InvPla_64,644450.433,4773230.128
EFMO_InvPla_65,644648.974,4773217.957
EFMO_InvPla_66,644848.649,4773206.403
EFMO_InvPla_67,645045.392,4773188.899
EFMO_InvPla_68,645243.548,4773162.005
EFMO_InvPla_69,645441.702,4773134.995
EFMO_InvPla_70,645639.874,4773108.000
EFMO_InvPla_71,645838.062,4773081.000
EFMO_InvPla_72,646036.251,4773054.000
EFMO_InvPla_73,646234.463,4773027.119
EFMO_InvPla_74,646432.594,4773000.250
EFMO_InvPla_75,646630.764,4772973.245
EFMO_InvPla_77,647039.836,4772907.432
EFMO_InvPla_78,647225.299,4772892.505
EFMO_InvPla_79,647423.469,4772865.500
EFMO_InvPla_8,647492.283,4774285.343
EFMO_InvPla_80,647621.639,4772838.495
EFMO_InvPla_81,647819.813,4772811.500
EFMO_InvPla_82,648018.000,4772784.500
EFMO_InvPla_84,644436.189,4773073.273
EFMO_InvPla_85,644622.062,4773044.500
EFMO_InvPla_86,644820.291,4773017.614
EFMO_InvPla_87,645018.424,4772990.755
EFMO_InvPla_88,645216.577,4772963.745
EFMO_InvPla_89,645414.750,4772936.750
EFMO_InvPla_9,647612.196,4774252.614
EFMO_InvPla_90,645612.897,4772909.886
EFMO_InvPla_91,645811.125,4772883.000
EFMO_InvPla_92,646009.299,4772856.005
EFMO_InvPla_93,646207.452,4772828.995
EFMO_InvPla_94,646405.625,4772802.000
EFMO_InvPla_95,646603.813,4772775.000
EFMO_InvPla_97,647000.417,4772721.332
EFMO_InvPla_98,647198.327,4772694.245
EFMO_InvPla_99,647396.499,4772667.250
GWCA_InvPla_1,379046.905,4094813.645
GWCA_InvPla_10,379045.834,4094728.383
GWCA_InvPla_100,379150.429,4093908.630
GWCA_InvPla_101,379240.405,4093906.216
GWCA_InvPla_102,379320.607,4093904.561
GWCA_InvPla_103,378982.927,4093828.559
GWCA_InvPla_104,379061.006,4093828.956
GWCA_InvPla_105,379150.971,4093828.956
GWCA_InvPla_106,379240.936,4093828.956
GWCA_InvPla_107,379319.233,4093829.381
GWCA_InvPla_108,378980.863,4093718.397
GWCA_InvPla_109,379061.006,4093738.991
GWCA_InvPla_11,379159.111,4094715.194
GWCA_InvPla_110,379150.971,4093738.991
GWCA_InvPla_111,379240.936,4093738.991
GWCA_InvPla_112,379317.351,4093739.436
GWCA_InvPla_113,379108.407,4093671.611
GWCA_InvPla_114,379272.376,4093668.398
GWCA_InvPla_12,379244.416,4094719.474
GWCA_InvPla_13,379330.902,4094728.606
GWCA_InvPla_14,379420.866,4094728.606
GWCA_InvPla_15,379508.465,4094726.593
GWCA_InvPla_16,379600.262,4094713.303
GWCA_InvPla_17,379714.043,4094711.218
GWCA_InvPla_18,379009.380,4094615.726
GWCA_InvPla_19,379076.836,4094641.009
GWCA_InvPla_2,379146.985,4094790.119
GWCA_InvPla_20,379154.192,4094637.527
GWCA_InvPla_21,379240.937,4094638.641
GWCA_InvPla_22,379330.902,4094638.641
GWCA_InvPla_23,379412.312,4094648.653
GWCA_InvPla_24,379511.914,4094639.024
GWCA_InvPla_25,379600.796,4094638.641
GWCA_InvPla_26,379690.762,4094638.641
GWCA_InvPla_27,379757.905,4094596.200
GWCA_InvPla_28,379016.352,4094519.693
GWCA_InvPla_29,379076.901,4094539.045
GWCA_InvPla_3,379252.477,4094804.050
GWCA_InvPla_30,379150.996,4094533.751
GWCA_InvPla_31,379239.331,4094537.646
GWCA_InvPla_32,379340.771,4094554.097
GWCA_InvPla_33,379431.304,4094567.416
GWCA_InvPla_34,379509.349,4094548.400
GWCA_InvPla_35,379600.796,4094548.675
GWCA_InvPla_36,379690.762,4094548.675
GWCA_InvPla_37,379010.267,4094444.180
GWCA_InvPla_38,379077.423,4094433.938
GWCA_InvPla_39,379151.692,4094420.249
GWCA_InvPla_4,379341.542,4094799.956
GWCA_InvPla_40,379243.548,4094448.492
GWCA_InvPla_41,379331.066,4094461.503
GWCA_InvPla_42,379418.589,4094458.496
GWCA_InvPla_43,379508.666,4094464.743
GWCA_InvPla_44,379601.186,4094462.907
GWCA_InvPla_45,379697.983,4094470.071
GWCA_InvPla_46,378992.448,4094320.412
GWCA_InvPla_47,379056.914,4094361.614
GWCA_InvPla_48,379155.142,4094343.912
GWCA_InvPla_49,379243.359,4094370.614
GWCA_InvPla_5,379420.403,4094805.960
GWCA_InvPla_50,379330.902,4094368.746
GWCA_InvPla_51,379420.493,4094360.853
GWCA_InvPla_52,379510.802,4094364.416
GWCA_InvPla_53,379589.951,4094379.883
GWCA_InvPla_54,379691.224,4094393.017
GWCA_InvPla_55,379748.431,4094401.589
GWCA_InvPla_56,379061.006,4094278.782
GWCA_InvPla_57,379157.423,4094278.797
GWCA_InvPla_58,379270.089,4094278.317
GWCA_InvPla_59,379359.117,4094265.518
GWCA_InvPla_6,379502.291,4094803.018
GWCA_InvPla_60,379634.553,4094332.665
GWCA_InvPla_61,379727.875,4094306.101
GWCA_InvPla_62,378989.639,4094154.267
GWCA_InvPla_63,379061.006,4094188.816
GWCA_InvPla_64,379156.175,4094189.950
GWCA_InvPla_65,379244.474,4094178.906
GWCA_InvPla_66,379347.965,4094188.302
GWCA_InvPla_67,379062.100,4094107.413
GWCA_InvPla_68,379151.762,4094102.914
GWCA_InvPla_69,379240.608,4094097.922
GWCA_InvPla_7,379570.291,4094789.007
GWCA_InvPla_70,379343.650,4094100.268
GWCA_InvPla_71,379432.213,4094079.844
GWCA_InvPla_72,379513.720,4094090.459
GWCA_InvPla_73,379612.022,4094099.716
GWCA_InvPla_74,378986.520,4094014.254
GWCA_InvPla_75,379060.669,4094009.760
GWCA_InvPla_76,379147.160,4094001.987
GWCA_InvPla_77,379237.777,4093996.323
GWCA_InvPla_78,379332.070,4093997.460
GWCA_InvPla_79,379423.403,4094007.474
GWCA_InvPla_8,379649.997,4094784.888
GWCA_InvPla_80,379510.831,4094008.886
GWCA_InvPla_81,379597.716,4094008.375
GWCA_InvPla_82,379412.067,4093917.921
GWCA_InvPla_83,379510.831,4093918.921
GWCA_InvPla_84,379600.796,4093918.921
GWCA_InvPla_85,379697.857,4093920.414
GWCA_InvPla_86,379409.184,4093828.706
GWCA_InvPla_87,379510.831,4093828.956
GWCA_InvPla_88,379600.796,4093828.956
GWCA_InvPla_89,379697.009,4093829.231
GWCA_InvPla_9,379742.654,4094781.395
GWCA_InvPla_90,379407.301,4093738.751
GWCA_InvPla_91,379510.831,4093738.990
GWCA_InvPla_92,379600.796,4093738.990
GWCA_InvPla_93,379695.137,4093739.265
GWCA_InvPla_94,379406.785,4093665.410
GWCA_InvPla_95,379511.302,4093663.136
GWCA_InvPla_96,379601.458,4093661.055
GWCA_InvPla_97,379694.137,4093659.261
GWCA_InvPla_98,378984.402,4093912.889
GWCA_InvPla_99,379060.494,4093911.149
HEHO_InvPla_1,636875.589,4614548.022
HEHO_InvPla_10,636993.551,4614321.465
HEHO_InvPla_11,637074.258,4614324.223
HEHO_InvPla_12,636919.657,4614231.819
HEHO_InvPla_13,637018.326,4614239.877
HEHO_InvPla_14,637077.627,4614206.497
HEHO_InvPla_15,636909.553,4614150.806
HEHO_InvPla_16,636984.499,4614129.400
HEHO_InvPla_17,637084.309,4614135.002
HEHO_InvPla_18,637160.936,4614156.443
HEHO_InvPla_19,637257.324,4614160.378
HEHO_InvPla_2,636934.358,4614547.622
HEHO_InvPla_20,637354.299,4614188.148
HEHO_InvPla_21,637420.412,4614162.009
HEHO_InvPla_22,637479.373,4614209.238
HEHO_InvPla_23,637580.584,4614210.654
HEHO_InvPla_24,637493.704,4614147.384
HEHO_InvPla_25,637578.274,4614143.423
HEHO_InvPla_26,636912.272,4614049.403
HEHO_InvPla_27,636994.086,4614051.717
HEHO_InvPla_28,637084.357,4614051.717
HEHO_InvPla_29,637163.022,4614050.847
HEHO_InvPla_3,637028.247,4614499.164
HEHO_InvPla_30,637254.364,4614052.267
HEHO_InvPla_31,637354.106,4614098.189
HEHO_InvPla_32,637445.189,4614082.160
HEHO_InvPla_33,637547.993,4614083.667
HEHO_InvPla_34,636912.302,4613974.166
HEHO_InvPla_35,636991.712,4613971.796
HEHO_InvPla_36,637086.796,4613974.308
HEHO_InvPla_37,637168.547,4613969.059
HEHO_InvPla_38,637259.881,4613971.420
HEHO_InvPla_39,637353.471,4614001.797
HEHO_InvPla_4,636904.288,4614487.850
HEHO_InvPla_40,637442.738,4614011.928
HEHO_InvPla_41,637360.668,4613933.442
HEHO_InvPla_42,637462.985,4613947.717
HEHO_InvPla_43,637525.724,4613969.700
HEHO_InvPla_44,636910.477,4613886.826
HEHO_InvPla_45,636995.891,4613882.476
HEHO_InvPla_46,637082.735,4613884.855
HEHO_InvPla_47,637177.500,4613881.985
HEHO_InvPla_48,637270.120,4613885.471
HEHO_InvPla_49,637358.250,4613877.190
HEHO_InvPla_5,636987.655,4614475.058
HEHO_InvPla_50,637443.702,4613887.720
HEHO_InvPla_6,636907.491,4614411.817
HEHO_InvPla_7,636993.551,4614411.737
HEHO_InvPla_8,637084.875,4614413.429
HEHO_InvPla_9,636907.916,4614321.544
HOCU_InvPla_1,307908.253,4344835.749
HOCU_InvPla_10,319027.546,4359059.109
HOCU_InvPla_100,334074.278,4351929.435
HOCU_InvPla_101,334183.921,4352033.998
HOCU_InvPla_102,334178.693,4351923.775
HOCU_InvPla_103,334146.305,4351850.129
HOCU_InvPla_104,334273.523,4352124.934
HOCU_InvPla_105,334263.082,4351989.008
HOCU_InvPla_106,334366.964,4352210.617
HOCU_InvPla_107,334341.294,4352080.343
HOCU_InvPla_11,319114.844,4359247.506
HOCU_InvPla_12,319115.264,4359147.003
HOCU_InvPla_13,319113.401,4359051.263
HOCU_InvPla_14,319204.784,4359244.397
HOCU_InvPla_15,319205.229,4359147.003
HOCU_InvPla_16,319221.485,4359073.394
HOCU_InvPla_17,319294.721,4359241.289
HOCU_InvPla_18,319295.194,4359147.003
HOCU_InvPla_19,319384.621,4359237.870
HOCU_InvPla_2,307984.694,4344821.222
HOCU_InvPla_20,319383.191,4359153.251
HOCU_InvPla_21,319412.442,4359347.196
HOCU_InvPla_22,319478.433,4359505.829
HOCU_InvPla_23,319475.124,4359416.898
HOCU_InvPla_24,319475.124,4359326.933
HOCU_InvPla_25,319475.124,4359236.968
HOCU_InvPla_26,319510.146,4359165.045
HOCU_InvPla_27,319563.324,4359500.206
HOCU_InvPla_28,319565.089,4359416.898
HOCU_InvPla_29,319565.089,4359326.933
HOCU_InvPla_3,307960.806,4344747.037
HOCU_InvPla_30,319565.089,4359236.968
HOCU_InvPla_31,319722.431,4359484.319
HOCU_InvPla_32,319655.054,4359416.898
HOCU_InvPla_33,319655.054,4359326.933
HOCU_InvPla_34,319654.161,4359223.413
HOCU_InvPla_35,319745.019,4359416.898
HOCU_InvPla_36,319745.019,4359326.933
HOCU_InvPla_37,319743.781,4359232.580
HOCU_InvPla_38,319834.984,4359416.898
HOCU_InvPla_39,319834.984,4359326.933
HOCU_InvPla_4,308074.929,4344775.088
HOCU_InvPla_40,319833.611,4359240.890
HOCU_InvPla_41,319924.708,4359416.618
HOCU_InvPla_42,319924.949,4359326.933
HOCU_InvPla_43,319950.679,4359255.182
HOCU_InvPla_44,320013.152,4359410.308
HOCU_InvPla_45,320014.914,4359326.933
HOCU_InvPla_46,320101.513,4359356.463
HOCU_InvPla_47,320196.395,4359373.255
HOCU_InvPla_48,320217.767,4358798.824
HOCU_InvPla_49,320286.043,4358805.781
HOCU_InvPla_5,308193.839,4344762.894
HOCU_InvPla_50,320377.344,4358820.205
HOCU_InvPla_51,320449.719,4358820.642
HOCU_InvPla_52,327103.258,4360634.969
HOCU_InvPla_53,327055.166,4360564.566
HOCU_InvPla_54,327138.076,4360543.745
HOCU_InvPla_55,327228.436,4360648.629
HOCU_InvPla_56,327204.697,4360558.222
HOCU_InvPla_57,327316.207,4360659.013
HOCU_InvPla_58,327410.207,4360661.102
HOCU_InvPla_59,327491.255,4360594.025
HOCU_InvPla_6,318960.708,4359248.254
HOCU_InvPla_60,327560.932,4360467.560
HOCU_InvPla_61,327132.537,4360312.404
HOCU_InvPla_62,327141.903,4360209.999
HOCU_InvPla_63,327217.998,4360318.836
HOCU_InvPla_64,327319.186,4360287.291
HOCU_InvPla_65,327267.335,4360224.789
HOCU_InvPla_66,327402.727,4360302.643
HOCU_InvPla_67,327509.602,4360361.610
HOCU_InvPla_68,327586.201,4360383.056
HOCU_InvPla_69,327673.210,4360379.632
HOCU_InvPla_7,318951.329,4359107.158
HOCU_InvPla_70,327628.289,4360304.759
HOCU_InvPla_71,327765.602,4360333.075
HOCU_InvPla_72,328989.851,4361652.307
HOCU_InvPla_73,329062.726,4361713.281
HOCU_InvPla_74,329060.169,4361623.879
HOCU_InvPla_75,329057.941,4361535.795
HOCU_InvPla_76,329124.496,4361713.626
HOCU_InvPla_77,329133.339,4361583.295
HOCU_InvPla_78,329168.082,4361730.621
HOCU_InvPla_79,329243.976,4361788.484
HOCU_InvPla_8,319024.901,4359250.615
HOCU_InvPla_80,329239.007,4361711.769
HOCU_InvPla_81,329332.620,4361803.264
HOCU_InvPla_82,329328.786,4361718.597
HOCU_InvPla_83,329555.534,4361889.036
HOCU_InvPla_84,329419.881,4361810.887
HOCU_InvPla_85,329509.803,4361809.637
HOCU_InvPla_86,329458.142,4361728.436
HOCU_InvPla_87,329612.734,4361786.683
HOCU_InvPla_88,329189.384,4360766.594
HOCU_InvPla_89,329331.159,4360764.329
HOCU_InvPla_9,319025.299,4359147.003
HOCU_InvPla_90,329423.165,4360767.808
HOCU_InvPla_91,329512.579,4360805.594
HOCU_InvPla_92,329600.294,4360814.752
HOCU_InvPla_93,329558.785,4360740.164
HOCU_InvPla_94,329689.177,4360811.953
HOCU_InvPla_95,329690.724,4360734.782
HOCU_InvPla_96,329777.102,4360806.646
HOCU_InvPla_97,329780.612,4360731.116
HOCU_InvPla_98,329852.376,4360742.546
HOCU_InvPla_99,334073.292,4351995.292
HOME_InvPla_1,684016.938,4462317.418
HOME_InvPla_10,684198.533,4462211.453
HOME_InvPla_11,684259.653,4462223.730
HOME_InvPla_12,683928.249,4462129.393
HOME_InvPla_13,684018.883,4462126.708
HOME_InvPla_14,684110.029,4462144.774
HOME_InvPla_15,684198.451,4462142.074
HOME_InvPla_16,684273.628,4462135.353
HOME_InvPla_17,683928.646,4462038.756
HOME_InvPla_18,684014.104,4462038.897
HOME_InvPla_19,684109.735,4462077.817
HOME_InvPla_2,684092.855,4462357.566
HOME_InvPla_20,684188.559,4462071.509
HOME_InvPla_21,684106.712,4462025.721
HOME_InvPla_22,684205.175,4462029.459
HOME_InvPla_23,684269.776,4462038.883
HOME_InvPla_24,683547.017,4461964.278
HOME_InvPla_25,683654.285,4461952.473
HOME_InvPla_26,683744.242,4461953.396
HOME_InvPla_27,683834.172,4461954.201
HOME_InvPla_28,683924.033,4461949.265
HOME_InvPla_29,684005.790,4461940.722
HOME_InvPla_3,684198.446,4462371.379
HOME_InvPla_30,684097.732,4461946.961
HOME_InvPla_31,684194.065,4461949.431
HOME_InvPla_32,684270.486,4461949.185
HOME_InvPla_33,684341.877,4461957.380
HOME_InvPla_34,684422.387,4461953.979
HOME_InvPla_35,684505.201,4461952.637
HOME_InvPla_36,684592.092,4461971.680
HOME_InvPla_37,684672.475,4461972.323
HOME_InvPla_38,683547.885,4461885.024
HOME_InvPla_39,683654.137,4461859.300
HOME_InvPla_4,684266.388,4462348.122
HOME_InvPla_40,683744.102,4461859.300
HOME_InvPla_41,683829.690,4461839.936
HOME_InvPla_42,683914.197,4461850.102
HOME_InvPla_43,684020.315,4461853.187
HOME_InvPla_44,684111.660,4461860.169
HOME_InvPla_45,684215.550,4461871.530
HOME_InvPla_46,684290.096,4461849.749
HOME_InvPla_47,684373.132,4461853.282
HOME_InvPla_48,684453.843,4461850.487
HOME_InvPla_49,684527.603,4461831.217
HOME_InvPla_5,683929.710,4462229.296
HOME_InvPla_50,684605.418,4461827.249
HOME_InvPla_51,684645.878,4461887.218
HOME_InvPla_52,683549.037,4461800.354
HOME_InvPla_53,683654.137,4461769.334
HOME_InvPla_54,683744.077,4461769.359
HOME_InvPla_55,683846.856,4461757.019
HOME_InvPla_56,683936.941,4461777.559
HOME_InvPla_57,684013.998,4461769.334
HOME_InvPla_58,684110.837,4461768.833
HOME_InvPla_59,684201.981,4461778.121
HOME_InvPla_6,684030.388,4462220.104
HOME_InvPla_60,684283.892,4461769.334
HOME_InvPla_61,684373.857,4461769.334
HOME_InvPla_62,684449.941,4461770.554
HOME_InvPla_63,684522.380,4461731.730
HOME_InvPla_64,684606.979,4461732.639
HOME_InvPla_65,684678.979,4461789.042
HOME_InvPla_66,683550.309,4461717.685
HOME_InvPla_67,683551.284,4461634.695
HOME_InvPla_68,683654.034,4461660.598
HOME_InvPla_69,683732.888,4461668.506
HOME_InvPla_7,684129.065,4462293.162
HOME_InvPla_70,683826.604,4461690.579
HOME_InvPla_71,683815.181,4461628.688
HOME_InvPla_72,683923.942,4461663.642
HOME_InvPla_73,684013.875,4461664.495
HOME_InvPla_74,684103.837,4461665.473
HOME_InvPla_75,684172.179,4461654.914
HOME_InvPla_76,684212.630,4461676.488
HOME_InvPla_77,684283.777,4461667.388
HOME_InvPla_78,684373.692,4461668.467
HOME_InvPla_79,684444.357,4461671.608
HOME_InvPla_8,684194.493,4462288.574
HOME_InvPla_80,684517.479,4461650.475
HOME_InvPla_81,684606.795,4461652.084
HOME_InvPla_82,684681.903,4461679.427
HOME_InvPla_9,684123.816,4462209.710
HOSP_INVPla_1,489665.529,3818722.320
HOSP_INVPla_10,490385.380,3818983.881
HOSP_INVPla_100,492647.928,3817868.447
HOSP_INVPla_101,492930.965,3818135.354
HOSP_INVPla_102,493213.692,3818403.734
HOSP_INVPla_103,493533.909,3818683.956
HOSP_INVPla_104,493773.824,3818977.326
HOSP_INVPla_105,496325.205,3821529.613
HOSP_INVPla_106,496607.920,3821812.308
HOSP_INVPla_107,496890.763,3822095.151
HOSP_INVPla_108,497173.606,3822377.994
HOSP_INVPla_109,497413.635,3822662.324
HOSP_INVPla_11,490668.223,3819266.724
HOSP_INVPla_111,493476.882,3818205.878
HOSP_INVPla_112,493779.254,3818424.408
HOSP_INVPla_113,494062.100,3818693.685
HOSP_INVPla_114,494379.688,3818946.361
HOSP_INVPla_115,494669.069,3819224.326
HOSP_INVPla_116,494878.705,3819429.171
HOSP_INVPla_117,495222.191,3819828.329
HOSP_INVPla_118,495502.439,3820079.751
HOSP_INVPla_119,495801.816,3820341.988
HOSP_INVPla_12,490951.065,3819549.567
HOSP_INVPla_120,496108.703,3820603.257
HOSP_INVPla_121,496356.665,3820975.243
HOSP_INVPla_122,496607.920,3821246.623
HOSP_INVPla_123,496890.763,3821529.466
HOSP_INVPla_124,497173.606,3821812.308
HOSP_INVPla_125,497388.585,3822079.746
HOSP_INVPla_129,495479.303,3819549.685
HOSP_INVPla_13,491233.908,3819832.410
HOSP_INVPla_130,495759.392,3819832.410
HOSP_INVPla_131,496042.235,3820115.252
HOSP_INVPla_132,496325.077,3820398.095
HOSP_INVPla_133,496607.920,3820680.938
HOSP_INVPla_134,496890.763,3820963.781
HOSP_INVPla_135,497173.606,3821246.623
HOSP_INVPla_136,497456.449,3821529.466
HOSP_INVPla_137,497710.786,3821684.491
HOSP_INVPla_139,495757.738,3819282.678
HOSP_INVPla_14,491516.223,3820074.647
HOSP_INVPla_140,496042.235,3819549.567
HOSP_INVPla_141,496325.077,3819832.410
HOSP_INVPla_142,496607.920,3820115.252
HOSP_INVPla_143,496890.763,3820398.095
HOSP_INVPla_144,497173.606,3820680.938
HOSP_INVPla_145,497456.449,3820963.781
HOSP_INVPla_146,497738.010,3821245.846
HOSP_INVPla_147,497880.390,3821485.251
HOSP_INVPla_148,496884.423,3819879.356
HOSP_INVPla_149,497173.223,3820115.254
HOSP_INVPla_150,497456.464,3820400.232
HOSP_INVPla_151,497739.291,3820680.938
HOSP_INVPla_152,498021.857,3820963.781
HOSP_INVPla_153,498199.451,3821197.355
HOSP_INVPla_154,497738.952,3820236.457
HOSP_INVPla_155,498018.967,3820400.874
HOSP_INVPla_156,498192.150,3820690.524
HOSP_INVPla_16,489830.048,3817852.492
HOSP_INVPla_17,490102.538,3818135.354
HOSP_INVPla_18,490385.380,3818418.196
HOSP_INVPla_19,490668.223,3818701.039
HOSP_INVPla_2,489829.265,3818982.505
HOSP_INVPla_20,490951.065,3818983.881
HOSP_INVPla_21,491233.908,3819266.724
HOSP_INVPla_22,491516.752,3819549.567
HOSP_INVPla_23,491799.594,3819832.410
HOSP_INVPla_24,492081.920,3820070.592
HOSP_INVPla_25,492412.399,3820383.174
HOSP_INVPla_26,492646.289,3820547.302
HOSP_INVPla_27,496113.498,3824025.631
HOSP_INVPla_28,490103.131,3817616.897
HOSP_INVPla_29,490385.380,3817852.511
HOSP_INVPla_3,490102.538,3819266.724
HOSP_INVPla_30,490668.223,3818135.354
HOSP_INVPla_31,490951.065,3818418.196
HOSP_INVPla_32,491233.908,3818701.039
HOSP_INVPla_33,491516.752,3818983.881
HOSP_INVPla_34,491799.594,3819266.724
HOSP_INVPla_35,492082.437,3819549.567
HOSP_INVPla_36,492365.279,3819832.410
HOSP_INVPla_37,492648.122,3820115.252
HOSP_INVPla_38,492930.950,3820392.131
HOSP_INVPla_39,493235.855,3820679.117
HOSP_INVPla_4,490385.380,3819549.567
HOSP_INVPla_40,493496.204,3820896.215
HOSP_INVPla_41,496093.280,3823507.161
HOSP_INVPla_42,496325.077,3823792.208
HOSP_INVPla_43,496607.344,3824032.269
HOSP_INVPla_44,490668.700,3817613.409
HOSP_INVPla_45,490951.065,3817852.511
HOSP_INVPla_46,491233.908,3818135.354
HOSP_INVPla_47,491516.752,3818418.196
HOSP_INVPla_48,491799.594,3818701.039
HOSP_INVPla_49,492082.437,3818983.881
HOSP_INVPla_5,490668.223,3819832.410
HOSP_INVPla_50,492357.898,3819266.814
HOSP_INVPla_51,492621.074,3819586.983
HOSP_INVPla_52,492930.672,3819837.622
HOSP_INVPla_53,493213.808,3820115.252
HOSP_INVPla_54,493496.650,3820398.095
HOSP_INVPla_55,493779.493,3820680.938
HOSP_INVPla_56,494074.551,3820927.733
HOSP_INVPla_57,494384.224,3821226.856
HOSP_INVPla_58,494651.869,3821504.732
HOSP_INVPla_59,494910.559,3821812.009
HOSP_INVPla_6,490950.635,3820078.613
HOSP_INVPla_60,495195.131,3822093.828
HOSP_INVPla_61,495476.521,3822371.389
HOSP_INVPla_62,495804.041,3822552.124
HOSP_INVPla_63,496082.239,3822942.497
HOSP_INVPla_64,496325.077,3823226.522
HOSP_INVPla_65,496607.920,3823509.365
HOSP_INVPla_66,496890.763,3823792.208
HOSP_INVPla_67,497172.989,3824028.490
HOSP_INVPla_68,491187.903,3817628.040
HOSP_INVPla_69,491516.843,3817852.742
HOSP_INVPla_70,491799.594,3818135.354
HOSP_INVPla_71,492082.437,3818418.196
HOSP_INVPla_72,492357.005,3818701.087
HOSP_INVPla_73,492497.331,3818963.899
HOSP_INVPla_74,494279.236,3820741.917
HOSP_INVPla_75,494579.591,3821051.810
HOSP_INVPla_76,494821.350,3821279.652
HOSP_INVPla_77,495193.279,3821568.869
HOSP_INVPla_78,495437.058,3821850.779
HOSP_INVPla_79,495759.385,3822098.426
HOSP_INVPla_8,489831.836,3818418.130
HOSP_INVPla_80,496042.235,3822377.994
HOSP_INVPla_81,496325.077,3822660.836
HOSP_INVPla_82,496607.920,3822943.679
HOSP_INVPla_83,496890.763,3823226.522
HOSP_INVPla_84,497173.606,3823509.365
HOSP_INVPla_85,497432.615,3823792.698
HOSP_INVPla_87,491787.326,3817626.818
HOSP_INVPla_88,492082.437,3817852.511
HOSP_INVPla_89,492365.279,3818135.354
HOSP_INVPla_9,490102.538,3818701.039
HOSP_INVPla_90,492648.024,3818408.392
HOSP_INVPla_93,496060.037,3821814.719
HOSP_INVPla_94,496325.077,3822095.151
HOSP_INVPla_95,496607.920,3822377.994
HOSP_INVPla_96,496890.763,3822660.836
HOSP_INVPla_97,497173.606,3822943.679
HOSP_INVPla_98,497423.717,3823227.422
HOSP_INVPla_99,492339.933,3817655.354
LIBO_InvPla_1,500199.227,4219694.792
LIBO_InvPla_10,500211.060,4219487.094
LIBO_InvPla_11,500318.133,4219493.352
LIBO_InvPla_12,500416.705,4219496.245
LIBO_InvPla_13,500499.908,4219496.276
LIBO_InvPla_14,500154.703,4219376.015
LIBO_InvPla_15,500249.662,4219389.873
LIBO_InvPla_16,500326.740,4219406.280
LIBO_InvPla_17,500416.705,4219406.280
LIBO_InvPla_18,500499.746,4219406.312
LIBO_InvPla_19,500229.293,4219298.968
LIBO_InvPla_2,500291.796,4219701.544
LIBO_InvPla_20,500326.733,4219310.587
LIBO_InvPla_21,500416.713,4219310.548
LIBO_InvPla_22,500499.502,4219310.694
LIBO_InvPla_23,500327.088,4219216.936
LIBO_InvPla_24,500416.695,4219220.583
LIBO_InvPla_25,500499.798,4219219.974
LIBO_InvPla_26,500422.638,4219147.896
LIBO_InvPla_27,500500.255,4219136.480
LIBO_InvPla_28,500253.119,4219044.539
LIBO_InvPla_29,500316.199,4219033.947
LIBO_InvPla_3,500399.569,4219687.210
LIBO_InvPla_30,500474.097,4219040.801
LIBO_InvPla_31,500329.574,4218956.094
LIBO_InvPla_32,500416.705,4218956.455
LIBO_InvPla_33,500520.930,4218951.476
LIBO_InvPla_34,500241.646,4218866.347
LIBO_InvPla_35,500322.293,4218871.939
LIBO_InvPla_36,500441.350,4218875.671
LIBO_InvPla_37,500547.701,4218866.476
LIBO_InvPla_38,500225.205,4218781.119
LIBO_InvPla_39,500285.578,4218767.955
LIBO_InvPla_4,500492.705,4219693.690
LIBO_InvPla_40,500360.759,4218789.787
LIBO_InvPla_41,500438.620,4218786.108
LIBO_InvPla_42,500538.521,4218778.168
LIBO_InvPla_43,499900.628,4218606.894
LIBO_InvPla_44,499983.485,4218672.467
LIBO_InvPla_45,500111.938,4218669.351
LIBO_InvPla_46,500234.798,4218689.943
LIBO_InvPla_47,500312.400,4218666.483
LIBO_InvPla_48,500386.393,4218676.562
LIBO_InvPla_49,500449.585,4218690.692
LIBO_InvPla_5,500215.102,4219587.766
LIBO_InvPla_50,500538.421,4218684.043
LIBO_InvPla_51,499966.880,4218596.595
LIBO_InvPla_52,500056.845,4218596.595
LIBO_InvPla_53,500141.714,4218596.935
LIBO_InvPla_54,500233.029,4218615.664
LIBO_InvPla_55,500426.031,4218591.098
LIBO_InvPla_56,500530.003,4218596.585
LIBO_InvPla_57,499886.342,4218504.702
LIBO_InvPla_58,499961.754,4218513.049
LIBO_InvPla_59,500059.458,4218512.320
LIBO_InvPla_6,500338.142,4219581.501
LIBO_InvPla_60,500140.531,4218507.916
LIBO_InvPla_61,500229.699,4218520.919
LIBO_InvPla_62,500307.955,4218529.780
LIBO_InvPla_63,500421.335,4218506.990
LIBO_InvPla_64,500506.670,4218506.630
LIBO_InvPla_65,500618.715,4218497.370
LIBO_InvPla_66,499931.312,4218436.508
LIBO_InvPla_67,500105.839,4218401.587
LIBO_InvPla_68,500230.301,4218416.745
LIBO_InvPla_69,500310.968,4218353.457
LIBO_InvPla_7,500416.705,4219586.210
LIBO_InvPla_70,500437.696,4218423.563
LIBO_InvPla_71,500506.670,4218416.665
LIBO_InvPla_72,500586.685,4218409.868
LIBO_InvPla_73,500135.623,4218342.654
LIBO_InvPla_74,500230.584,4218326.423
LIBO_InvPla_75,500293.356,4218260.600
LIBO_InvPla_76,500419.736,4218300.311
LIBO_InvPla_77,500501.485,4218324.374
LIBO_InvPla_8,500500.069,4219586.241
LIBO_InvPla_9,500151.069,4219474.422
PERI_InvPla_1,404852.953,4036251.599
PERI_InvPla_10,405638.205,4035971.112
PERI_InvPla_100,409032.318,4034839.741
PERI_InvPla_101,409315.160,4035122.584
PERI_InvPla_102,409598.003,4035405.427
PERI_InvPla_103,409880.846,4035688.270
PERI_InvPla_104,410140.898,4035914.802
PERI_InvPla_105,408130.596,4033540.090
PERI_InvPla_106,408457.050,4033743.828
PERI_InvPla_107,408749.475,4033991.214
PERI_InvPla_108,409032.318,4034274.056
PERI_InvPla_109,409315.160,4034556.899
PERI_InvPla_11,405921.048,4036253.955
PERI_InvPla_110,409598.003,4034839.741
PERI_InvPla_111,409880.846,4035122.584
PERI_InvPla_112,410163.689,4035405.427
PERI_InvPla_113,410355.528,4035686.456
PERI_InvPla_114,408983.942,4033837.392
PERI_InvPla_115,409285.625,4034020.110
PERI_InvPla_116,409598.167,4034275.085
PERI_InvPla_117,409880.846,4034556.899
PERI_InvPla_118,410163.300,4034839.741
PERI_InvPla_119,410347.685,4035127.327
PERI_InvPla_12,406170.139,4036481.574
PERI_InvPla_120,409883.199,4034096.864
PERI_InvPla_121,410161.875,4034274.320
PERI_InvPla_122,410336.911,4034561.990
PERI_InvPla_13,405121.375,4034838.517
PERI_InvPla_14,405355.363,4035122.584
PERI_InvPla_15,405638.205,4035405.427
PERI_InvPla_16,405921.048,4035688.270
PERI_InvPla_17,406203.891,4035971.112
PERI_InvPla_18,406486.733,4036253.352
PERI_InvPla_19,406763.021,4036423.141
PERI_InvPla_2,405067.955,4036501.761
PERI_InvPla_20,404623.220,4033701.257
PERI_InvPla_21,404781.489,4033985.971
PERI_InvPla_22,405110.878,4034270.413
PERI_InvPla_23,405355.363,4034556.899
PERI_InvPla_24,405638.205,4034839.741
PERI_InvPla_25,405921.048,4035122.584
PERI_InvPla_26,406203.891,4035405.427
PERI_InvPla_27,406486.733,4035688.270
PERI_InvPla_28,406769.576,4035971.112
PERI_InvPla_29,407052.354,4036251.435
PERI_InvPla_3,404882.426,4035786.848
PERI_InvPla_30,407376.992,4036504.335
PERI_InvPla_31,407584.438,4036685.254
PERI_InvPla_32,404793.499,4033490.963
PERI_InvPla_33,405072.520,4033708.370
PERI_InvPla_34,405355.363,4033991.214
PERI_InvPla_35,405638.205,4034274.056
PERI_InvPla_36,405921.048,4034556.899
PERI_InvPla_37,406203.891,4034839.741
PERI_InvPla_38,406486.733,4035122.584
PERI_InvPla_39,406769.576,4035405.427
PERI_InvPla_4,405072.520,4035971.112
PERI_InvPla_40,407052.419,4035688.270
PERI_InvPla_41,407335.262,4035971.112
PERI_InvPla_42,407618.104,4036253.955
PERI_InvPla_43,407837.440,4036461.935
PERI_InvPla_44,405159.438,4033148.959
PERI_InvPla_45,405355.363,4033425.527
PERI_InvPla_46,405638.205,4033708.370
PERI_InvPla_47,405921.048,4033991.214
PERI_InvPla_48,406203.891,4034274.056
PERI_InvPla_49,406486.733,4034556.899
PERI_InvPla_5,405355.363,4036253.955
PERI_InvPla_50,406769.576,4034839.741
PERI_InvPla_51,407052.419,4035122.584
PERI_InvPla_52,407335.262,4035405.427
PERI_InvPla_53,407618.104,4035688.270
PERI_InvPla_54,407900.947,4035971.112
PERI_InvPla_55,408133.871,4036242.617
PERI_InvPla_56,405209.776,4032634.847
PERI_InvPla_57,405345.650,4032860.249
PERI_InvPla_58,405638.252,4033149.815
PERI_InvPla_59,405921.048,4033425.527
PERI_InvPla_6,405638.205,4036536.588
PERI_InvPla_60,406203.891,4033708.370
PERI_InvPla_61,406486.733,4033991.214
PERI_InvPla_62,406769.576,4034274.056
PERI_InvPla_63,407052.419,4034556.899
PERI_InvPla_64,407335.262,4034839.741
PERI_InvPla_65,407618.104,4035122.584
PERI_InvPla_66,407900.947,4035405.427
PERI_InvPla_67,408180.815,4035681.118
PERI_InvPla_68,405924.097,4032994.923
PERI_InvPla_69,406135.221,4033198.850
PERI_InvPla_7,405877.602,4036698.156
PERI_InvPla_70,406486.766,4033434.456
PERI_InvPla_71,406769.576,4033708.370
PERI_InvPla_72,407052.419,4033991.214
PERI_InvPla_73,407335.262,4034274.056
PERI_InvPla_74,407618.104,4034556.899
PERI_InvPla_75,407900.947,4034839.741
PERI_InvPla_76,408183.789,4035122.584
PERI_InvPla_77,408466.414,4035404.990
PERI_InvPla_78,408757.903,4035654.812
PERI_InvPla_79,409348.004,4036230.387
PERI_InvPla_8,405124.060,4035411.231
PERI_InvPla_80,409594.503,4036357.736
PERI_InvPla_81,406719.036,4033236.053
PERI_InvPla_82,407052.125,4033435.947
PERI_InvPla_83,407335.262,4033708.370
PERI_InvPla_84,407618.104,4033991.214
PERI_InvPla_85,407900.947,4034274.056
PERI_InvPla_86,408183.789,4034556.899
PERI_InvPla_87,408466.632,4034839.741
PERI_InvPla_88,408749.475,4035122.584
PERI_InvPla_89,409032.318,4035405.427
PERI_InvPla_9,405355.363,4035688.270
PERI_InvPla_90,409315.160,4035688.270
PERI_InvPla_91,409598.003,4035971.112
PERI_InvPla_92,409868.382,4036231.144
PERI_InvPla_93,410048.185,4036396.715
PERI_InvPla_94,407344.890,4033238.682
PERI_InvPla_95,407612.487,4033450.194
PERI_InvPla_96,407900.947,4033708.370
PERI_InvPla_97,408183.789,4033991.214
PERI_InvPla_98,408466.632,4034274.056
PERI_InvPla_99,408749.475,4034556.899
PIPE_InvPla_1,714285.994,4877446.507
PIPE_InvPla_10,714600.004,4877357.602
PIPE_InvPla_100,714665.963,4876420.226
PIPE_InvPla_101,714703.645,4876498.029
PIPE_InvPla_102,714798.956,4876450.463
PIPE_InvPla_103,714860.191,4876494.411
PIPE_InvPla_104,714953.025,4876494.093
PIPE_InvPla_105,714871.242,4876401.617
PIPE_InvPla_106,714957.817,4876392.809
PIPE_InvPla_107,713961.976,4876385.263
PIPE_InvPla_108,714054.237,4876386.440
PIPE_InvPla_109,714165.424,4876388.296
PIPE_InvPla_11,714684.850,4877379.509
PIPE_InvPla_110,714276.035,4876383.732
PIPE_InvPla_111,714383.892,4876381.990
PIPE_InvPla_112,714493.292,4876369.657
PIPE_InvPla_113,714605.196,4876367.833
PIPE_InvPla_114,714767.183,4876349.681
PIPE_InvPla_115,714909.980,4877175.111
PIPE_InvPla_116,714863.337,4877267.419
PIPE_InvPla_117,714938.250,4877266.867
PIPE_InvPla_118,714918.319,4877358.652
PIPE_InvPla_119,714861.807,4877396.267
PIPE_InvPla_12,714769.687,4877372.936
PIPE_InvPla_120,714813.095,4877498.181
PIPE_InvPla_121,714874.555,4877493.828
PIPE_InvPla_122,714937.639,4877494.374
PIPE_InvPla_13,713959.183,4877235.866
PIPE_InvPla_14,714067.442,4877237.698
PIPE_InvPla_15,714161.829,4877237.611
PIPE_InvPla_16,714276.815,4877269.513
PIPE_InvPla_17,714383.697,4877263.701
PIPE_InvPla_18,714491.248,4877254.531
PIPE_InvPla_19,714613.982,4877297.578
PIPE_InvPla_2,714385.473,4877446.413
PIPE_InvPla_20,714614.307,4877242.797
PIPE_InvPla_21,714702.194,4877269.849
PIPE_InvPla_22,714778.116,4877263.939
PIPE_InvPla_23,713947.393,4877155.757
PIPE_InvPla_24,714027.810,4877140.236
PIPE_InvPla_25,714073.025,4877165.730
PIPE_InvPla_26,714165.122,4877155.494
PIPE_InvPla_27,714260.427,4877147.474
PIPE_InvPla_28,714305.909,4877172.542
PIPE_InvPla_29,714384.993,4877155.461
PIPE_InvPla_3,714495.622,4877446.553
PIPE_InvPla_30,714495.326,4877155.540
PIPE_InvPla_31,714605.659,4877155.619
PIPE_InvPla_32,714683.715,4877148.299
PIPE_InvPla_33,714736.652,4877160.164
PIPE_InvPla_34,714813.694,4877148.476
PIPE_InvPla_35,714932.230,4877089.351
PIPE_InvPla_36,713949.494,4877045.429
PIPE_InvPla_37,714048.846,4877045.072
PIPE_InvPla_38,714159.195,4877045.101
PIPE_InvPla_39,714274.249,4877040.272
PIPE_InvPla_4,714585.960,4877443.377
PIPE_InvPla_40,714388.446,4877040.059
PIPE_InvPla_41,714494.669,4877029.898
PIPE_InvPla_42,714600.826,4877046.879
PIPE_InvPla_43,714702.216,4877075.318
PIPE_InvPla_44,714821.396,4877072.198
PIPE_InvPla_45,714712.948,4877024.276
PIPE_InvPla_46,714806.639,4877016.977
PIPE_InvPla_47,714928.784,4877016.157
PIPE_InvPla_48,713951.596,4876935.090
PIPE_InvPla_49,714051.678,4876933.087
PIPE_InvPla_5,714671.611,4877463.873
PIPE_InvPla_50,714168.001,4876947.125
PIPE_InvPla_51,714142.363,4876902.699
PIPE_InvPla_52,714275.115,4876934.760
PIPE_InvPla_53,714378.353,4876922.979
PIPE_InvPla_54,714477.471,4876927.101
PIPE_InvPla_55,714622.161,4876965.776
PIPE_InvPla_56,714715.580,4876934.173
PIPE_InvPla_57,714819.787,4876936.686
PIPE_InvPla_58,714930.293,4876935.122
PIPE_InvPla_59,713953.850,4876809.043
PIPE_InvPla_6,714760.302,4877461.876
PIPE_InvPla_60,714054.541,4876809.979
PIPE_InvPla_61,714160.873,4876806.752
PIPE_InvPla_62,714248.715,4876794.972
PIPE_InvPla_63,714266.908,4876838.015
PIPE_InvPla_64,714493.871,4876853.876
PIPE_InvPla_65,714598.696,4876884.639
PIPE_InvPla_66,714610.557,4876808.596
PIPE_InvPla_67,714720.366,4876826.569
PIPE_InvPla_68,714828.327,4876824.494
PIPE_InvPla_69,714935.612,4876825.193
PIPE_InvPla_7,714288.773,4877368.464
PIPE_InvPla_70,713956.504,4876698.624
PIPE_InvPla_71,714055.085,4876699.914
PIPE_InvPla_72,714162.077,4876701.591
PIPE_InvPla_73,714255.479,4876707.506
PIPE_InvPla_74,714351.549,4876701.839
PIPE_InvPla_75,714417.899,4876725.503
PIPE_InvPla_76,714498.680,4876727.406
PIPE_InvPla_77,714607.435,4876716.571
PIPE_InvPla_78,714727.831,4876712.539
PIPE_InvPla_79,714840.054,4876717.478
PIPE_InvPla_8,714387.019,4877357.687
PIPE_InvPla_80,714942.039,4876715.314
PIPE_InvPla_81,713958.175,4876605.153
PIPE_InvPla_82,714054.848,4876604.588
PIPE_InvPla_83,714163.016,4876604.384
PIPE_InvPla_84,714243.026,4876604.175
PIPE_InvPla_85,714336.186,4876604.701
PIPE_InvPla_86,714423.148,4876603.143
PIPE_InvPla_87,714512.140,4876603.549
PIPE_InvPla_88,714615.055,4876605.806
PIPE_InvPla_89,714736.046,4876604.448
PIPE_InvPla_9,714498.975,4877347.212
PIPE_InvPla_90,714854.293,4876603.743
PIPE_InvPla_91,714948.864,4876604.673
PIPE_InvPla_92,713960.072,4876494.608
PIPE_InvPla_93,714054.655,4876494.013
PIPE_InvPla_94,714164.500,4876493.645
PIPE_InvPla_95,714276.076,4876484.239
PIPE_InvPla_96,714353.798,4876512.867
PIPE_InvPla_97,714429.971,4876492.234
PIPE_InvPla_98,714521.189,4876482.945
PIPE_InvPla_99,714616.773,4876494.414
TAPR_InvPla_1,709595.069,4263354.207
TAPR_InvPla_10,710335.202,4263238.779
TAPR_InvPla_100,711444.665,4259134.014
TAPR_InvPla_101,711666.541,4259466.838
TAPR_InvPla_102,711888.416,4259799.662
TAPR_InvPla_103,712100.771,4260130.977
TAPR_InvPla_104,712215.808,4260468.897
TAPR_InvPla_105,709830.282,4255918.308
TAPR_InvPla_106,710002.489,4256249.551
TAPR_InvPla_107,710224.364,4256582.375
TAPR_InvPla_108,710446.239,4256915.198
TAPR_InvPla_109,710668.114,4257248.022
TAPR_InvPla_11,710560.412,4263544.960
TAPR_InvPla_110,710889.989,4257580.846
TAPR_InvPla_111,711111.864,4257913.669
TAPR_InvPla_112,711333.739,4258246.493
TAPR_InvPla_113,711555.614,4258579.316
TAPR_InvPla_114,711777.489,4258912.140
TAPR_InvPla_115,711999.364,4259244.963
TAPR_InvPla_116,712221.239,4259577.787
TAPR_InvPla_117,712444.948,4259897.499
TAPR_InvPla_118,712685.400,4260057.202
TAPR_InvPla_119,709795.898,4255028.376
TAPR_InvPla_12,709663.111,4261344.900
TAPR_InvPla_120,709905.249,4255363.984
TAPR_InvPla_121,710113.438,4255694.853
TAPR_InvPla_122,710335.312,4256027.676
TAPR_InvPla_123,710557.187,4256360.500
TAPR_InvPla_124,710779.062,4256693.323
TAPR_InvPla_125,711000.938,4257026.147
TAPR_InvPla_126,711222.813,4257358.970
TAPR_InvPla_127,711444.687,4257691.794
TAPR_InvPla_128,711666.562,4258024.617
TAPR_InvPla_129,711888.437,4258357.441
TAPR_InvPla_13,709787.027,4261686.627
TAPR_InvPla_130,712110.313,4258690.265
TAPR_InvPla_131,712332.188,4259023.088
TAPR_InvPla_132,712554.063,4259355.912
TAPR_InvPla_133,712775.937,4259688.735
TAPR_InvPla_134,712921.181,4259966.676
TAPR_InvPla_135,709851.296,4254470.835
TAPR_InvPla_136,710002.702,4254807.459
TAPR_InvPla_137,710224.386,4255140.155
TAPR_InvPla_138,710446.261,4255472.978
TAPR_InvPla_139,710668.136,4255805.801
TAPR_InvPla_14,710002.401,4262018.434
TAPR_InvPla_140,710890.011,4256138.625
TAPR_InvPla_141,711111.886,4256471.449
TAPR_InvPla_142,711333.761,4256804.272
TAPR_InvPla_143,711555.636,4257137.095
TAPR_InvPla_144,711777.511,4257469.919
TAPR_InvPla_145,711999.386,4257802.742
TAPR_InvPla_146,712221.261,4258135.566
TAPR_InvPla_147,712443.136,4258468.389
TAPR_InvPla_148,712665.011,4258801.213
TAPR_InvPla_149,712885.446,4259133.963
TAPR_InvPla_15,710224.276,4262351.257
TAPR_InvPla_150,713029.025,4259471.023
TAPR_InvPla_151,709933.002,4254027.749
TAPR_InvPla_152,710113.459,4254252.633
TAPR_InvPla_153,710335.334,4254585.456
TAPR_InvPla_154,710557.210,4254918.280
TAPR_InvPla_155,710779.085,4255251.103
TAPR_InvPla_156,711000.960,4255583.927
TAPR_InvPla_157,711222.834,4255916.750
TAPR_InvPla_158,711444.709,4256249.574
TAPR_InvPla_159,711666.585,4256582.397
TAPR_InvPla_16,710446.151,4262684.081
TAPR_InvPla_160,711888.460,4256915.220
TAPR_InvPla_161,712110.335,4257248.044
TAPR_InvPla_162,712332.209,4257580.868
TAPR_InvPla_163,712554.084,4257913.691
TAPR_InvPla_164,712775.960,4258246.514
TAPR_InvPla_165,712979.336,4258576.856
TAPR_InvPla_166,713083.277,4258912.386
TAPR_InvPla_167,710291.723,4253832.452
TAPR_InvPla_168,710446.283,4254030.757
TAPR_InvPla_169,710668.158,4254363.581
TAPR_InvPla_17,710668.026,4263016.904
TAPR_InvPla_170,710890.033,4254696.404
TAPR_InvPla_171,711111.908,4255029.228
TAPR_InvPla_172,711333.783,4255362.052
TAPR_InvPla_173,711555.658,4255694.875
TAPR_InvPla_174,711777.533,4256027.699
TAPR_InvPla_175,711999.408,4256360.522
TAPR_InvPla_176,712221.283,4256693.346
TAPR_InvPla_177,712443.158,4257026.169
TAPR_InvPla_178,712665.033,4257358.993
TAPR_InvPla_179,712886.908,4257691.816
TAPR_InvPla_18,710889.901,4263349.728
TAPR_InvPla_180,713051.188,4258024.336
TAPR_InvPla_181,710779.885,4253838.662
TAPR_InvPla_182,711000.982,4254141.706
TAPR_InvPla_183,711222.857,4254474.529
TAPR_InvPla_184,711444.731,4254807.353
TAPR_InvPla_185,711666.606,4255140.176
TAPR_InvPla_186,711888.481,4255473.000
TAPR_InvPla_187,712110.357,4255805.823
TAPR_InvPla_188,712332.232,4256138.647
TAPR_InvPla_189,712554.107,4256471.471
TAPR_InvPla_19,711108.823,4263615.898
TAPR_InvPla_190,712775.981,4256804.294
TAPR_InvPla_191,712997.856,4257137.118
TAPR_InvPla_192,713125.781,4257449.033
TAPR_InvPla_193,711109.650,4253731.585
TAPR_InvPla_194,711333.582,4253921.200
TAPR_InvPla_195,711555.680,4254252.654
TAPR_InvPla_196,711777.555,4254585.478
TAPR_InvPla_197,711999.430,4254918.301
TAPR_InvPla_198,712221.305,4255251.125
TAPR_InvPla_199,712443.180,4255583.948
TAPR_InvPla_2,709695.046,4263575.782
TAPR_InvPla_20,709720.224,4260799.462
TAPR_InvPla_200,712665.055,4255916.772
TAPR_InvPla_201,712886.930,4256249.595
TAPR_InvPla_202,713108.805,4256582.419
TAPR_InvPla_203,713330.680,4256915.242
TAPR_InvPla_204,713549.957,4257181.771
TAPR_InvPla_205,711672.886,4253779.819
TAPR_InvPla_206,711888.504,4254030.780
TAPR_InvPla_207,712110.379,4254363.603
TAPR_InvPla_208,712332.253,4254696.426
TAPR_InvPla_209,712554.128,4255029.250
TAPR_InvPla_21,709891.474,4261130.911
TAPR_InvPla_210,712776.004,4255362.073
TAPR_InvPla_211,712997.879,4255694.897
TAPR_InvPla_212,713219.754,4256027.720
TAPR_InvPla_213,713441.628,4256360.544
TAPR_InvPla_214,713663.503,4256693.367
TAPR_InvPla_215,713885.379,4257026.191
TAPR_InvPla_216,714103.683,4257233.359
TAPR_InvPla_217,712218.379,4253840.896
TAPR_InvPla_218,712443.202,4254141.728
TAPR_InvPla_219,712665.077,4254474.552
TAPR_InvPla_22,710113.350,4261463.735
TAPR_InvPla_220,712886.952,4254807.375
TAPR_InvPla_221,713108.827,4255140.199
TAPR_InvPla_222,713330.702,4255473.022
TAPR_InvPla_223,713552.577,4255805.846
TAPR_InvPla_224,713774.452,4256138.669
TAPR_InvPla_225,713996.327,4256471.492
TAPR_InvPla_226,714218.202,4256804.316
TAPR_InvPla_227,714442.162,4257121.282
TAPR_InvPla_228,712545.013,4253746.508
TAPR_InvPla_229,712775.285,4253924.105
TAPR_InvPla_23,710335.225,4261796.558
TAPR_InvPla_230,712997.900,4254252.677
TAPR_InvPla_231,713219.776,4254585.500
TAPR_InvPla_232,713441.651,4254918.324
TAPR_InvPla_233,713663.526,4255251.147
TAPR_InvPla_234,713885.400,4255583.971
TAPR_InvPla_235,714107.275,4255916.794
TAPR_InvPla_236,714329.151,4256249.618
TAPR_InvPla_237,714550.315,4256582.414
TAPR_InvPla_238,714700.834,4256919.567
TAPR_InvPla_239,713118.475,4253793.289
TAPR_InvPla_24,710557.099,4262129.382
TAPR_InvPla_240,713330.724,4254030.801
TAPR_InvPla_241,713552.599,4254363.625
TAPR_InvPla_242,713774.474,4254696.449
TAPR_InvPla_243,713996.349,4255029.272
TAPR_InvPla_244,714218.224,4255362.096
TAPR_InvPla_245,714440.099,4255694.919
TAPR_InvPla_246,714642.084,4256025.481
TAPR_InvPla_247,714749.364,4256363.763
TAPR_InvPla_248,713545.444,4253537.989
TAPR_InvPla_249,713664.919,4253810.255
TAPR_InvPla_25,710778.974,4262462.205
TAPR_InvPla_250,713885.423,4254141.750
TAPR_InvPla_251,714107.298,4254474.573
TAPR_InvPla_252,714329.173,4254807.397
TAPR_InvPla_253,714551.047,4255140.220
TAPR_InvPla_254,714719.233,4255463.456
TAPR_InvPla_255,713829.736,4253298.853
TAPR_InvPla_256,713990.283,4253586.387
TAPR_InvPla_257,714217.945,4253921.490
TAPR_InvPla_258,714440.121,4254252.698
TAPR_InvPla_259,714661.996,4254585.522
TAPR_InvPla_26,711000.849,4262795.029
TAPR_InvPla_260,714883.871,4254918.345
TAPR_InvPla_261,715108.439,4255211.963
TAPR_InvPla_262,714110.330,4253036.358
TAPR_InvPla_263,714331.991,4253318.083
TAPR_InvPla_264,714563.371,4253702.167
TAPR_InvPla_265,714772.945,4254030.824
TAPR_InvPla_266,714994.819,4254363.647
TAPR_InvPla_267,715216.694,4254696.471
TAPR_InvPla_268,715438.570,4255029.294
TAPR_InvPla_269,715654.981,4255275.310
TAPR_InvPla_27,711222.725,4263127.853
TAPR_InvPla_270,715105.657,4253871.330
TAPR_InvPla_271,715327.643,4254141.772
TAPR_InvPla_272,715549.518,4254474.596
TAPR_InvPla_273,715771.393,4254807.419
TAPR_InvPla_274,715993.608,4255137.958
TAPR_InvPla_275,716219.394,4255327.696
TAPR_InvPla_276,715658.222,4253942.601
TAPR_InvPla_277,715882.341,4254252.721
TAPR_InvPla_278,716104.217,4254585.544
TAPR_InvPla_279,716326.092,4254918.368
TAPR_InvPla_28,711444.614,4263460.003
TAPR_InvPla_280,716550.166,4255227.974
TAPR_InvPla_281,715990.045,4253841.440
TAPR_InvPla_282,716214.930,4254032.100
TAPR_InvPla_283,716437.040,4254363.669
TAPR_InvPla_284,716658.915,4254696.493
TAPR_InvPla_285,716880.790,4255029.316
TAPR_InvPla_286,717103.134,4255300.907
TAPR_InvPla_287,716553.609,4253892.044
TAPR_InvPla_288,716769.864,4254141.794
TAPR_InvPla_289,716991.739,4254474.617
TAPR_InvPla_29,711650.697,4263667.602
TAPR_InvPla_290,717213.613,4254807.441
TAPR_InvPla_291,717435.488,4255140.264
TAPR_InvPla_292,717650.957,4255348.621
TAPR_InvPla_293,717099.895,4253955.199
TAPR_InvPla_294,717324.562,4254252.742
TAPR_InvPla_295,717546.437,4254585.566
TAPR_InvPla_296,717767.907,4254918.382
TAPR_InvPla_297,717925.748,4255234.475
TAPR_InvPla_298,717423.159,4253864.896
TAPR_InvPla_299,717656.342,4254037.127
TAPR_InvPla_3,709644.258,4262788.171
TAPR_InvPla_30,709683.646,4259907.319
TAPR_InvPla_300,717870.134,4254362.273
TAPR_InvPla_301,717986.778,4254698.871
TAPR_InvPla_31,709794.795,4260245.864
TAPR_InvPla_32,710002.423,4260576.213
TAPR_InvPla_33,710224.298,4260909.037
TAPR_InvPla_34,710446.173,4261241.860
TAPR_InvPla_35,710668.048,4261574.683
TAPR_InvPla_36,710889.923,4261907.507
TAPR_InvPla_37,711111.798,4262240.330
TAPR_InvPla_38,711333.673,4262573.154
TAPR_InvPla_39,711555.548,4262905.977
TAPR_InvPla_4,709782.030,4263127.897
TAPR_InvPla_40,711777.423,4263238.801
TAPR_InvPla_41,711994.662,4263547.581
TAPR_InvPla_42,709736.723,4259353.770
TAPR_InvPla_43,709891.497,4259688.691
TAPR_InvPla_44,710113.371,4260021.515
TAPR_InvPla_45,710335.246,4260354.338
TAPR_InvPla_46,710557.122,4260687.162
TAPR_InvPla_47,710778.997,4261019.985
TAPR_InvPla_48,711000.872,4261352.809
TAPR_InvPla_49,711222.746,4261685.632
TAPR_InvPla_5,710003.091,4263456.267
TAPR_InvPla_50,711444.621,4262018.456
TAPR_InvPla_51,711666.497,4262351.279
TAPR_InvPla_52,711888.372,4262684.102
TAPR_InvPla_53,712073.495,4263013.727
TAPR_InvPla_54,709705.029,4258472.573
TAPR_InvPla_55,709805.078,4258803.349
TAPR_InvPla_56,710002.445,4259133.992
TAPR_InvPla_57,710224.320,4259466.816
TAPR_InvPla_58,710446.195,4259799.640
TAPR_InvPla_59,710668.070,4260132.463
TAPR_InvPla_6,710234.545,4263636.725
TAPR_InvPla_60,710889.945,4260465.287
TAPR_InvPla_61,711111.820,4260798.110
TAPR_InvPla_62,711333.695,4261130.934
TAPR_InvPla_63,711555.570,4261463.757
TAPR_InvPla_64,711777.445,4261796.581
TAPR_InvPla_65,711997.067,4262129.095
TAPR_InvPla_66,712136.359,4262468.335
TAPR_InvPla_67,709754.665,4257907.745
TAPR_InvPla_68,709893.335,4258246.858
TAPR_InvPla_69,710113.394,4258579.294
TAPR_InvPla_7,709705.766,4262242.979
TAPR_InvPla_70,710335.268,4258912.117
TAPR_InvPla_71,710557.143,4259244.941
TAPR_InvPla_72,710779.018,4259577.764
TAPR_InvPla_73,711000.894,4259910.588
TAPR_InvPla_74,711222.769,4260243.411
TAPR_InvPla_75,711444.644,4260576.235
TAPR_InvPla_76,711666.518,4260909.059
TAPR_InvPla_77,711888.393,4261241.882
TAPR_InvPla_78,712084.155,4261572.024
TAPR_InvPla_79,712182.997,4261905.144
TAPR_InvPla_8,709891.452,4262573.132
TAPR_InvPla_80,709817.318,4257361.458
TAPR_InvPla_81,710002.467,4257691.772
TAPR_InvPla_82,710224.342,4258024.595
TAPR_InvPla_83,710446.217,4258357.419
TAPR_InvPla_84,710668.092,4258690.243
TAPR_InvPla_85,710889.967,4259023.066
TAPR_InvPla_86,711111.842,4259355.889
TAPR_InvPla_87,711333.717,4259688.713
TAPR_InvPla_88,711555.592,4260021.536
TAPR_InvPla_89,711777.467,4260354.360
TAPR_InvPla_9,710113.327,4262905.956
TAPR_InvPla_90,711999.342,4260687.183
TAPR_InvPla_91,712156.437,4261019.677
TAPR_InvPla_92,709773.574,4256463.005
TAPR_InvPla_93,709898.376,4256805.111
TAPR_InvPla_94,710113.415,4257137.074
TAPR_InvPla_95,710335.290,4257469.897
TAPR_InvPla_96,710557.166,4257802.721
TAPR_InvPla_97,710779.041,4258135.544
TAPR_InvPla_98,711000.916,4258468.368
TAPR_InvPla_99,711222.790,4258801.191
WICR_InvPla_100,463102.238,4105555.994
WICR_InvPla_101,463243.679,4105697.425
WICR_InvPla_102,463385.101,4105838.847
WICR_InvPla_103,463526.522,4105980.268
WICR_InvPla_104,463667.944,4106121.690
WICR_InvPla_105,463809.365,4106263.111
WICR_InvPla_106,463950.786,4106404.532
WICR_InvPla_107,464092.207,4106545.954
WICR_InvPla_108,464233.629,4106687.375
WICR_InvPla_109,464375.050,4106828.797
WICR_InvPla_11,462677.994,4107677.325
WICR_InvPla_110,464516.471,4106970.218
WICR_InvPla_111,464656.693,4107090.362
WICR_InvPla_112,462990.784,4105125.867
WICR_InvPla_113,463102.256,4105273.160
WICR_InvPla_114,463243.679,4105414.583
WICR_InvPla_115,463385.101,4105556.004
WICR_InvPla_116,463526.522,4105697.425
WICR_InvPla_117,463667.944,4105838.847
WICR_InvPla_118,463809.365,4105980.268
WICR_InvPla_119,463950.786,4106121.690
WICR_InvPla_12,462819.415,4107818.746
WICR_InvPla_120,464092.207,4106263.111
WICR_InvPla_121,464233.629,4106404.532
WICR_InvPla_122,464375.050,4106545.954
WICR_InvPla_123,464516.471,4106687.375
WICR_InvPla_124,464657.582,4106828.800
WICR_InvPla_125,464749.187,4106973.204
WICR_InvPla_126,462986.298,4104848.426
WICR_InvPla_127,463102.302,4104990.340
WICR_InvPla_128,463243.679,4105131.740
WICR_InvPla_13,462960.837,4107960.168
WICR_InvPla_131,463667.944,4105556.004
WICR_InvPla_132,463809.365,4105697.425
WICR_InvPla_133,463950.786,4105838.847
WICR_InvPla_134,464092.207,4105980.268
WICR_InvPla_135,464233.629,4106121.690
WICR_InvPla_136,464375.050,4106263.111
WICR_InvPla_14,463102.245,4108099.113
WICR_InvPla_142,463243.679,4104848.897
WICR_InvPla_147,463950.786,4105556.004
WICR_InvPla_148,464092.207,4105697.425
WICR_InvPla_149,464233.629,4105838.847
WICR_InvPla_15,463242.363,4108175.466
WICR_InvPla_150,464375.050,4105980.268
WICR_InvPla_151,464494.042,4106121.958
WICR_InvPla_155,463385.101,4104707.476
WICR_InvPla_160,464092.207,4105414.583
WICR_InvPla_161,464233.629,4105556.004
WICR_InvPla_162,464375.050,4105697.425
WICR_InvPla_163,464492.992,4105839.031
WICR_InvPla_167,463526.522,4104566.055
WICR_InvPla_17,462685.045,4107394.415
WICR_InvPla_171,464092.207,4105131.740
WICR_InvPla_172,464233.629,4105273.162
WICR_InvPla_173,464375.050,4105414.583
WICR_InvPla_174,464491.565,4105556.365
WICR_InvPla_175,463525.563,4104300.962
WICR_InvPla_18,462819.415,4107535.903
WICR_InvPla_180,464233.629,4104990.319
WICR_InvPla_181,464375.050,4105131.740
WICR_InvPla_182,464488.854,4105273.812
WICR_InvPla_183,463802.161,4104317.106
WICR_InvPla_186,464233.629,4104707.476
WICR_InvPla_187,464375.050,4104848.897
WICR_InvPla_188,464485.609,4104991.164
WICR_InvPla_189,464113.213,4104309.111
WICR_InvPla_19,462960.837,4107677.325
WICR_InvPla_190,464233.629,4104424.634
WICR_InvPla_191,464375.050,4104566.055
WICR_InvPla_192,464482.176,4104708.543
WICR_InvPla_193,464263.797,4104171.681
WICR_InvPla_194,464375.050,4104283.212
WICR_InvPla_195,464478.489,4104426.076
WICR_InvPla_196,464402.258,4104022.733
WICR_InvPla_197,464474.609,4104143.470
WICR_InvPla_2,462536.577,4108100.314
WICR_InvPla_20,463102.258,4107818.746
WICR_InvPla_21,463243.679,4107960.168
WICR_InvPla_22,463385.054,4108098.291
WICR_InvPla_23,463523.700,4108171.870
WICR_InvPla_24,462727.760,4107155.310
WICR_InvPla_25,462819.415,4107253.061
WICR_InvPla_26,462960.837,4107394.482
WICR_InvPla_27,463102.258,4107535.903
WICR_InvPla_28,463243.679,4107677.325
WICR_InvPla_29,463385.101,4107818.746
WICR_InvPla_3,462686.295,4108241.941
WICR_InvPla_30,463528.110,4107959.949
WICR_InvPla_32,462862.170,4107007.551
WICR_InvPla_33,462960.837,4107111.639
WICR_InvPla_34,463102.258,4107253.061
WICR_InvPla_35,463243.679,4107394.482
WICR_InvPla_36,463385.101,4107535.903
WICR_InvPla_37,463526.522,4107677.325
WICR_InvPla_38,463667.937,4107818.540
WICR_InvPla_39,463811.126,4107930.249
WICR_InvPla_40,462995.447,4106849.397
WICR_InvPla_41,463102.258,4106970.218
WICR_InvPla_42,463243.679,4107111.639
WICR_InvPla_43,463385.101,4107253.061
WICR_InvPla_44,463526.522,4107394.482
WICR_InvPla_45,463667.944,4107535.903
WICR_InvPla_46,463809.365,4107677.325
WICR_InvPla_47,463950.786,4107818.746
WICR_InvPla_48,464087.219,4107941.341
WICR_InvPla_49,463013.922,4106543.439
WICR_InvPla_5,462441.599,4107696.271
WICR_InvPla_50,463102.878,4106687.401
WICR_InvPla_51,463243.679,4106828.797
WICR_InvPla_52,463385.101,4106970.218
WICR_InvPla_53,463526.522,4107111.639
WICR_InvPla_54,463667.944,4107253.061
WICR_InvPla_55,463809.365,4107394.482
WICR_InvPla_58,464233.629,4107818.746
WICR_InvPla_59,464376.209,4107924.585
WICR_InvPla_6,462536.573,4107818.746
WICR_InvPla_60,463008.789,4106260.849
WICR_InvPla_61,463102.352,4106404.538
WICR_InvPla_62,463243.679,4106545.954
WICR_InvPla_63,463385.101,4106687.375
WICR_InvPla_64,463526.522,4106828.797
WICR_InvPla_65,463667.944,4106970.218
WICR_InvPla_66,463809.365,4107111.639
WICR_InvPla_67,463950.786,4107253.061
WICR_InvPla_68,464092.207,4107394.482
WICR_InvPla_69,464233.629,4107535.903
WICR_InvPla_7,462677.994,4107960.168
WICR_InvPla_70,464375.050,4107677.325
WICR_InvPla_71,464511.039,4107818.784
WICR_InvPla_73,463004.377,4105977.968
WICR_InvPla_74,463102.262,4106121.691
WICR_InvPla_75,463243.679,4106263.111
WICR_InvPla_76,463385.101,4106404.532
WICR_InvPla_77,463526.522,4106545.954
WICR_InvPla_78,463667.944,4106687.375
WICR_InvPla_79,463809.365,4106828.797
WICR_InvPla_8,462819.415,4108101.589
WICR_InvPla_80,463950.786,4106970.218
WICR_InvPla_81,464092.207,4107111.639
WICR_InvPla_82,464233.629,4107253.061
WICR_InvPla_83,464375.050,4107394.482
WICR_InvPla_84,464508.072,4107536.008
WICR_InvPla_86,463000.096,4105694.543
WICR_InvPla_87,463102.268,4105838.852
WICR_InvPla_88,463243.679,4105980.268
WICR_InvPla_89,463385.101,4106121.690
WICR_InvPla_9,462944.999,4108239.946
WICR_InvPla_90,463526.522,4106263.111
WICR_InvPla_91,463667.944,4106404.532
WICR_InvPla_92,463809.365,4106545.954
WICR_InvPla_93,463950.786,4106687.375
WICR_InvPla_94,464092.207,4106828.797
WICR_InvPla_95,464233.629,4106970.218
WICR_InvPla_96,464375.050,4107111.639
WICR_InvPla_97,464505.213,4107253.218
WICR_InvPla_98,464571.231,4107396.024
WICR_InvPla_99,462995.501,4105410.296
